Weekday Name,Open,High,Low,Close,Adj Close,Volume,Year,Month
Saturday,0.99,0.99,0.87,0.89,0.75,5190249,2014,2
Saturday,0.87,0.87,0.82,0.85,0.71,2730328,2014,3
Sunday,0.85,0.85,0.76,0.81,0.68,5514553,2014,6
Tuesday,0.82,0.87,0.79,0.85,0.72,4590470,2014,7
Friday,0.85,0.85,0.81,0.84,0.71,2015385,2014,8
Monday,0.83,0.84,0.8,0.84,0.71,1322092,2014,9
Wednesday,0.81,0.83,0.81,0.82,0.69,1514648,2014,10
Monday,0.81,0.85,0.79,0.83,0.7,2317116,2014,1
Tuesday,0.83,0.89,0.83,0.87,0.73,6645932,2014,1
Wednesday,0.87,0.89,0.87,0.87,0.74,4733735,2014,1
Thursday,0.88,0.95,0.87,0.93,0.78,13866767,2014,1
Friday,0.93,1.03,0.93,0.98,0.82,19103543,2014,1
Monday,0.99,0.99,0.96,0.98,0.82,4482676,2014,1
Tuesday,0.96,0.99,0.96,0.98,0.82,3436519,2014,1
Wednesday,0.96,0.97,0.96,0.97,0.82,2016306,2014,1
Thursday,0.96,0.98,0.92,0.97,0.82,2040260,2014,1
Friday,0.98,0.99,0.97,0.97,0.82,5265797,2014,1
Monday,0.97,0.97,0.94,0.94,0.79,5257966,2014,1
Tuesday,0.94,0.95,0.92,0.94,0.79,1635801,2014,1
Wednesday,0.95,0.95,0.94,0.95,0.8,1155794,2014,1
Thursday,0.95,0.95,0.93,0.93,0.79,673945,2014,1
Friday,0.93,0.94,0.93,0.94,0.79,1627970,2014,1
Sunday,0.95,0.96,0.94,0.95,0.8,3636445,2014,3
Wednesday,0.94,0.94,0.92,0.93,0.78,2442876,2014,4
Friday,0.94,0.94,0.93,0.93,0.79,2097843,2014,5
Monday,0.94,0.95,0.93,0.95,0.8,1331305,2014,6
Wednesday,0.96,1.03,0.96,1.01,0.85,42067410,2014,7
Thursday,1.02,1.03,0.98,0.99,0.83,15718618,2014,10
Sunday,0.99,1,0.98,0.99,0.83,3884740,2014,11
Tuesday,0.99,1.01,0.99,1.01,0.85,7400032,2014,12
Thursday,1.02,1.06,1.02,1.03,0.87,36405907,2014,2
Monday,1.05,1.08,1.04,1.07,0.9,26613672,2014,2
Tuesday,1.08,1.13,1.06,1.11,0.93,53942747,2014,2
Wednesday,1.12,1.13,1.09,1.11,0.93,14787165,2014,2
Thursday,1.11,1.14,1.1,1.11,0.93,19281818,2014,2
Friday,1.12,1.13,1.09,1.11,0.93,8957521,2014,2
Monday,1.1,1.1,1.04,1.04,0.88,12770859,2014,2
Tuesday,1.06,1.07,1.04,1.05,0.88,14493264,2014,2
Wednesday,1.05,1.05,1.02,1.02,0.86,4520450,2014,2
Thursday,1.03,1.05,1.03,1.04,0.88,5086600,2014,2
Friday,1.05,1.08,1.05,1.08,0.91,20743029,2014,2
Monday,1.07,1.08,1.06,1.06,0.9,21861510,2014,3
Thursday,1.07,1.12,1.07,1.1,0.92,39141302,2014,4
Saturday,1.11,1.11,1.07,1.07,0.9,24930883,2014,5
Tuesday,1.08,1.1,1.08,1.08,0.91,14572037,2014,6
Thursday,1.09,1.1,1.08,1.1,0.92,4640682,2014,7
Friday,1.1,1.1,1.07,1.07,0.9,7314349,2014,10
Monday,1.08,1.11,1.08,1.1,0.92,8996677,2014,11
Wednesday,1.1,1.1,1.08,1.08,0.91,11072868,2014,12
Thursday,1.08,1.1,1.07,1.08,0.91,8090099,2014,3
Friday,1.08,1.08,1.07,1.07,0.9,6746817,2014,3
Monday,1.07,1.07,1.05,1.06,0.89,11209224,2014,3
Tuesday,1.06,1.07,1.05,1.05,0.89,3839135,2014,3
Wednesday,1.05,1.06,1.03,1.03,0.87,7239722,2014,3
Thursday,1.03,1.04,1.02,1.03,0.87,2607792,2014,3
Friday,1.03,1.04,1,1.01,0.85,6860139,2014,3
Monday,1,1.01,0.98,0.99,0.84,5370367,2014,3
Tuesday,0.98,1,0.98,1,0.84,1559332,2014,3
Wednesday,1,1.01,0.99,0.99,0.84,1907130,2014,3
Thursday,0.99,1,0.98,0.98,0.83,1485166,2014,3
Friday,0.98,0.99,0.96,0.98,0.83,3595907,2014,3
Monday,0.98,0.99,0.98,0.98,0.82,2173851,2014,3
Saturday,0.98,0.99,0.98,0.99,0.84,2437349,2014,1
Tuesday,1,1,0.99,0.99,0.84,1844019,2014,2
Tuesday,0.99,1.04,0.99,1.03,0.87,14574340,2014,3
Friday,1.04,1.06,1.01,1.01,0.85,16007451,2014,4
Monday,1.01,1.02,1,1,0.85,2280264,2014,8
Thursday,1,1.01,1,1,0.85,1072876,2014,9
Saturday,1.01,1.01,1,1,0.85,1319328,2014,10
Tuesday,1,1.02,0.99,1.02,0.86,1423898,2014,11
Wednesday,1.02,1.02,1.02,1.02,0.86,1836188,2014,4
Thursday,1.02,1.03,1.02,1.02,0.86,4500181,2014,4
Friday,1.02,1.05,1.02,1.03,0.87,13782006,2014,4
Monday,1.04,1.05,1.02,1.03,0.87,5971066,2014,4
Tuesday,1.03,1.04,1.02,1.02,0.86,10213278,2014,4
Wednesday,1.03,1.05,1.02,1.04,0.87,10378194,2014,4
Thursday,1.04,1.07,1.04,1.06,0.89,43046772,2014,4
Friday,1.07,1.08,1.04,1.04,0.87,33758498,2014,4
Monday,1.03,1.05,1.03,1.04,0.88,727842,2014,4
Tuesday,1.04,1.06,1.04,1.05,0.89,17944524,2014,4
Wednesday,1.06,1.06,1.04,1.04,0.88,12653851,2014,4
Wednesday,1.05,1.05,1.02,1.03,0.87,11947200,2014,2
Thursday,1.02,1.03,1,1,0.91,6024042,2014,6
Saturday,0.99,1,0.99,1,0.91,4221943,2014,7
Tuesday,1,1,0.98,0.99,0.9,6547812,2014,8
Friday,0.99,0.99,0.99,0.99,0.9,4572044,2014,9
Friday,0.99,1.01,0.99,1,0.91,4318681,2014,12
Wednesday,1,1,0.99,1,0.91,1728854,2014,5
Thursday,1,1,0.99,0.99,0.9,1371383,2014,5
Friday,0.98,0.99,0.98,0.99,0.9,3306152,2014,5
Monday,0.99,1,0.99,1,0.91,1499446,2014,5
Tuesday,0.99,1,0.98,0.99,0.9,2329554,2014,5
Wednesday,0.99,1,0.99,1,0.91,2866683,2014,5
Thursday,1,1.01,0.99,1,0.91,2376542,2014,5
Friday,0.97,0.98,0.96,0.98,0.89,3971344,2014,5
Monday,0.99,1,0.98,1,0.91,3821169,2014,5
Tuesday,1.01,1.06,1.01,1.06,0.96,32112101,2014,5
Wednesday,1.09,1.12,1.05,1.05,0.96,69394183,2014,5
Thursday,1.07,1.25,1.07,1.22,1.11,262845766,2014,5
Friday,1.22,1.34,1.2,1.32,1.21,218176552,2014,5
Thursday,1.39,1.39,1.3,1.31,1.2,124296023,2014,2
Thursday,1.34,1.34,1.27,1.29,1.18,51430772,2014,3
Sunday,1.29,1.3,1.24,1.26,1.15,52053123,2014,4
Tuesday,1.26,1.32,1.26,1.31,1.2,88230543,2014,5
Friday,1.34,1.35,1.28,1.28,1.17,60665610,2014,6
Saturday,1.28,1.31,1.27,1.28,1.17,32792956,2014,9
Monday,1.3,1.34,1.29,1.31,1.2,51359830,2014,10
Thursday,1.32,1.32,1.28,1.28,1.17,27742748,2014,11
Saturday,1.28,1.3,1.27,1.28,1.17,16874412,2014,12
Friday,1.31,1.38,1.3,1.31,1.2,186109595,2014,6
Monday,1.31,1.32,1.3,1.3,1.19,25911166,2014,6
Tuesday,1.31,1.4,1.3,1.4,1.27,106949435,2014,6
Wednesday,1.42,1.42,1.31,1.32,1.21,154883802,2014,6
Thursday,1.34,1.37,1.31,1.35,1.23,31286600,2014,6
Friday,1.35,1.38,1.34,1.36,1.24,40754071,2014,6
Monday,1.36,1.37,1.32,1.32,1.21,24220546,2014,6
Tuesday,1.34,1.37,1.31,1.35,1.23,36781805,2014,6
Wednesday,1.35,1.37,1.34,1.35,1.23,22518410,2014,6
Thursday,1.36,1.42,1.36,1.4,1.27,212518274,2014,6
Friday,1.39,1.4,1.36,1.37,1.25,63175282,2014,6
Monday,1.38,1.4,1.37,1.39,1.26,36528442,2014,6
Friday,1.42,1.47,1.41,1.47,1.33,154877353,2014,2
Friday,1.48,1.52,1.44,1.51,1.37,124558598,2014,3
Monday,1.52,1.54,1.5,1.5,1.36,78165597,2014,4
Monday,1.52,1.56,1.51,1.55,1.41,63657592,2014,7
Thursday,1.54,1.56,1.52,1.52,1.38,47060497,2014,8
Sunday,1.52,1.61,1.5,1.61,1.46,111667047,2014,9
Tuesday,1.6,1.65,1.57,1.58,1.44,93686131,2014,10
Monday,1.58,1.58,1.54,1.56,1.42,37911342,2014,7
Tuesday,1.56,1.56,1.53,1.55,1.41,25848517,2014,7
Wednesday,1.54,1.57,1.54,1.54,1.4,23516659,2014,7
Thursday,1.55,1.56,1.54,1.54,1.4,20172733,2014,7
Friday,1.54,1.55,1.5,1.51,1.37,39351824,2014,7
Monday,1.52,1.53,1.49,1.5,1.36,48585740,2014,7
Tuesday,1.52,1.54,1.43,1.45,1.32,70052004,2014,7
Wednesday,1.48,1.51,1.47,1.51,1.37,26399465,2014,7
Thursday,1.52,1.52,1.49,1.49,1.35,21168678,2014,7
Friday,1.5,1.52,1.49,1.52,1.38,22094143,2014,7
Monday,1.54,1.62,1.53,1.61,1.46,199954712,2014,7
Tuesday,1.63,1.63,1.52,1.55,1.41,124437445,2014,7
Wednesday,1.55,1.56,1.45,1.51,1.37,58328685,2014,7
Thursday,1.49,1.53,1.48,1.48,1.34,16107875,2014,7
Wednesday,1.42,1.47,1.41,1.47,1.33,41548708,2014,1
Tuesday,1.49,1.53,1.47,1.52,1.38,45309070,2014,4
Thursday,1.51,1.54,1.51,1.53,1.39,34161575,2014,5
Sunday,1.53,1.53,1.51,1.52,1.38,15969677,2014,6
Tuesday,1.52,1.52,1.49,1.49,1.35,9255107,2014,7
Friday,1.43,1.49,1.43,1.48,1.34,22917802,2014,8
Wednesday,1.51,1.51,1.49,1.5,1.36,12044860,2014,8
Thursday,1.51,1.53,1.5,1.51,1.37,22158175,2014,8
Friday,1.52,1.57,1.51,1.56,1.42,79144959,2014,8
Monday,1.56,1.61,1.54,1.56,1.42,61362587,2014,8
Tuesday,1.57,1.6,1.54,1.54,1.4,33683871,2014,8
Wednesday,1.55,1.57,1.55,1.56,1.42,20011963,2014,8
Thursday,1.57,1.57,1.54,1.54,1.4,15264408,2014,8
Friday,1.56,1.62,1.55,1.58,1.44,98808663,2014,8
Monday,1.61,1.69,1.58,1.67,1.52,189488071,2014,8
Tuesday,1.74,1.78,1.69,1.7,1.55,305637333,2014,8
Wednesday,1.74,1.75,1.65,1.68,1.53,95997720,2014,8
Thursday,1.71,1.71,1.67,1.7,1.55,63168372,2014,8
Friday,1.7,1.76,1.69,1.73,1.57,86963269,2014,8
Thursday,1.75,1.76,1.73,1.73,1.57,75221984,2014,1
Sunday,1.74,1.75,1.71,1.73,1.57,49822610,2014,2
Sunday,1.73,1.74,1.69,1.73,1.57,74571994,2014,3
Wednesday,1.74,1.75,1.7,1.7,1.54,47362467,2014,4
Friday,1.71,1.72,1.7,1.71,1.55,17037367,2014,5
Saturday,1.7,1.71,1.65,1.66,1.51,30599400,2014,8
Tuesday,1.66,1.68,1.63,1.63,1.48,14705600,2014,9
Thursday,1.63,1.63,1.57,1.59,1.45,30193800,2014,10
Sunday,1.6,1.66,1.6,1.64,1.49,20454633,2014,11
Tuesday,1.65,1.67,1.62,1.63,1.48,18864733,2014,12
Monday,1.64,1.66,1.63,1.65,1.5,7384000,2014,9
Tuesday,1.66,1.72,1.65,1.71,1.55,67373367,2014,9
Wednesday,1.73,1.74,1.66,1.66,1.51,63758067,2014,9
Thursday,1.68,1.68,1.66,1.68,1.53,10143467,2014,9
Friday,1.7,1.71,1.67,1.68,1.53,9301067,2014,9
Monday,1.7,1.7,1.66,1.66,1.51,7850267,2014,9
Tuesday,1.67,1.68,1.66,1.67,1.52,8272767,2014,9
Wednesday,1.68,1.68,1.65,1.66,1.51,5137167,2014,9
Thursday,1.67,1.67,1.65,1.66,1.51,10612767,2014,9
Friday,1.64,1.66,1.64,1.65,1.5,7826433,2014,9
Monday,1.66,1.71,1.65,1.67,1.52,19136000,2014,9
Tuesday,1.68,1.7,1.67,1.67,1.52,17397033,2014,9
Friday,1.68,1.77,1.68,1.75,1.6,101849367,2014,1
Monday,1.78,1.79,1.62,1.62,1.47,113444933,2014,2
Monday,1.63,1.65,1.59,1.6,1.46,30604167,2014,3
Tuesday,1.62,1.63,1.49,1.49,1.36,40161767,2014,6
Thursday,1.47,1.52,1.45,1.48,1.34,17148300,2014,7
Sunday,1.47,1.5,1.45,1.49,1.36,9512100,2014,8
Wednesday,1.51,1.52,1.5,1.51,1.38,10540833,2014,9
Friday,1.49,1.51,1.48,1.49,1.36,9059700,2014,10
Monday,1.49,1.49,1.44,1.45,1.32,14609400,2014,10
Tuesday,1.45,1.45,1.44,1.44,1.31,9758233,2014,10
Wednesday,1.45,1.48,1.45,1.47,1.33,7842900,2014,10
Thursday,1.45,1.47,1.42,1.42,1.29,10314633,2014,10
Friday,1.42,1.42,1.38,1.41,1.28,14439533,2014,10
Monday,1.42,1.43,1.35,1.35,1.23,15685367,2014,10
Tuesday,1.36,1.36,1.32,1.33,1.21,6230900,2014,10
Wednesday,1.35,1.38,1.35,1.38,1.26,9335300,2014,10
Friday,1.41,1.41,1.37,1.38,1.26,12197900,2014,10
Monday,1.4,1.44,1.38,1.42,1.29,25964033,2014,10
Tuesday,1.42,1.53,1.41,1.51,1.38,58061900,2014,10
Wednesday,1.51,1.51,1.48,1.49,1.36,3211433,2014,10
Thursday,1.49,1.5,1.47,1.47,1.34,10486667,2014,10
Friday,1.48,1.49,1.47,1.49,1.36,8879000,2014,10
Tuesday,1.51,1.51,1.47,1.48,1.34,6287667,2014,3
Friday,1.48,1.48,1.44,1.45,1.32,7122267,2014,4
Sunday,1.45,1.48,1.43,1.45,1.32,6642133,2014,5
Wednesday,1.45,1.45,1.42,1.42,1.29,8597767,2014,6
Friday,1.45,1.45,1.42,1.44,1.31,9628667,2014,7
Saturday,1.49,1.56,1.47,1.5,1.37,78192833,2014,10
Tuesday,1.48,1.49,1.43,1.44,1.31,30568633,2014,11
Thursday,1.45,1.45,1.38,1.38,1.26,22025033,2014,12
Thursday,1.4,1.4,1.36,1.37,1.25,23292967,2014,11
Friday,1.38,1.4,1.37,1.38,1.26,9284600,2014,11
Monday,1.37,1.38,1.37,1.37,1.25,5641567,2014,11
Tuesday,1.38,1.42,1.37,1.41,1.28,13448500,2014,11
Wednesday,1.41,1.41,1.37,1.37,1.25,13032933,2014,11
Thursday,1.37,1.4,1.36,1.37,1.25,12499500,2014,11
Friday,1.36,1.38,1.35,1.36,1.24,9969700,2014,11
Monday,1.37,1.41,1.37,1.4,1.27,16415100,2014,11
Tuesday,1.41,1.45,1.41,1.41,1.28,50032667,2014,11
Wednesday,1.42,1.43,1.41,1.42,1.29,18023200,2014,11
Thursday,1.43,1.43,1.38,1.4,1.27,21677500,2014,11
Friday,1.4,1.41,1.38,1.38,1.26,8174400,2014,11
Sunday,1.41,1.41,1.37,1.38,1.26,8371567,2014,1
Wednesday,1.38,1.41,1.37,1.37,1.25,14240200,2014,2
Wednesday,1.38,1.42,1.38,1.4,1.27,17063800,2014,3
Saturday,1.41,1.42,1.4,1.41,1.28,8525400,2014,4
Tuesday,1.41,1.41,1.36,1.36,1.24,8587800,2014,8
Friday,1.38,1.38,1.36,1.36,1.24,9113867,2014,9
Wednesday,1.36,1.37,1.32,1.33,1.21,20129200,2014,11
Friday,1.33,1.35,1.33,1.34,1.22,7551267,2014,12
Monday,1.33,1.34,1.18,1.26,1.15,18884667,2014,12
Tuesday,1.23,1.29,1.21,1.28,1.17,8882900,2014,12
Wednesday,1.28,1.33,1.28,1.33,1.21,5738633,2014,12
Thursday,1.34,1.36,1.33,1.35,1.23,6986200,2014,12
Friday,1.36,1.37,1.33,1.33,1.21,6780800,2014,12
Monday,1.34,1.38,1.34,1.37,1.25,6499567,2014,12
Tuesday,1.37,1.41,1.36,1.36,1.24,7773133,2014,12
Wednesday,1.36,1.4,1.33,1.33,1.21,4539600,2014,12
Thursday,1.33,1.35,1.32,1.32,1.2,3743133,2014,12
Friday,1.3,1.34,1.3,1.32,1.2,4837733,2014,12
Monday,1.3,1.33,1.3,1.3,1.19,3701100,2014,12
Tuesday,1.29,1.32,1.29,1.3,1.19,2726100,2014,12
Friday,1.32,1.34,1.3,1.32,1.2,1417433,2015,5
Monday,1.3,1.34,1.29,1.33,1.21,2694900,2015,6
Wednesday,1.33,1.41,1.33,1.4,1.27,11970400,2015,7
Saturday,1.42,1.42,1.4,1.41,1.28,8904133,2015,8
Tuesday,1.41,1.41,1.38,1.38,1.26,6246067,2015,9
Tuesday,1.4,1.41,1.37,1.38,1.26,5035767,2015,12
Tuesday,1.38,1.4,1.38,1.38,1.26,3263867,2015,1
Wednesday,1.41,1.48,1.4,1.43,1.3,54671933,2015,1
Thursday,1.43,1.47,1.41,1.43,1.3,18337367,2015,1
Friday,1.43,1.44,1.42,1.43,1.3,5294900,2015,1
Monday,1.44,1.52,1.43,1.5,1.37,79463800,2015,1
Tuesday,1.52,1.53,1.5,1.5,1.37,48434967,2015,1
Wednesday,1.5,1.56,1.48,1.53,1.4,56208100,2015,1
Thursday,1.56,1.57,1.53,1.55,1.41,39890067,2015,1
Friday,1.55,1.56,1.49,1.49,1.36,33523967,2015,1
Monday,1.5,1.52,1.48,1.51,1.38,17130100,2015,1
Tuesday,1.51,1.59,1.5,1.56,1.42,58750900,2015,1
Wednesday,1.57,1.6,1.53,1.56,1.42,55711500,2015,1
Thursday,1.56,1.57,1.52,1.53,1.4,22981833,2015,1
Friday,1.55,1.57,1.52,1.52,1.39,14641900,2015,1
Monday,1.53,1.57,1.52,1.56,1.42,21201267,2015,2
Monday,1.55,1.57,1.55,1.55,1.41,18140200,2015,3
Thursday,1.56,1.57,1.49,1.51,1.38,35082233,2015,4
Saturday,1.49,1.53,1.47,1.5,1.37,34494200,2015,5
Tuesday,1.5,1.52,1.49,1.51,1.38,10034267,2015,6
Wednesday,1.52,1.53,1.49,1.5,1.37,9097400,2015,9
Friday,1.49,1.51,1.49,1.5,1.37,6135133,2015,10
Monday,1.53,1.53,1.49,1.52,1.39,15569233,2015,11
Wednesday,1.52,1.52,1.49,1.49,1.36,12175800,2015,12
Friday,1.51,1.63,1.51,1.6,1.46,246418033,2015,2
Monday,1.64,1.66,1.59,1.65,1.5,112967833,2015,2
Tuesday,1.64,1.64,1.56,1.57,1.43,48154167,2015,2
Wednesday,1.57,1.59,1.53,1.59,1.45,28892067,2015,2
Thursday,1.62,1.62,1.56,1.57,1.43,15993033,2015,2
Friday,1.58,1.58,1.55,1.56,1.42,8823533,2015,2
Monday,1.56,1.62,1.56,1.58,1.44,51007233,2015,2
Tuesday,1.6,1.67,1.59,1.64,1.49,151466033,2015,2
Wednesday,1.66,1.7,1.59,1.6,1.46,134749767,2015,2
Thursday,1.63,1.64,1.55,1.58,1.44,36277367,2015,2
Friday,1.6,1.64,1.59,1.63,1.48,26856700,2015,2
Tuesday,1.63,1.63,1.55,1.55,1.41,34188700,2015,2
Tuesday,1.55,1.55,1.42,1.44,1.31,47972167,2015,3
Sunday,1.43,1.48,1.43,1.47,1.33,15350833,2015,5
Wednesday,1.47,1.5,1.45,1.5,1.37,15858700,2015,6
Thursday,1.47,1.48,1.45,1.45,1.32,15201767,2015,9
Saturday,1.47,1.49,1.44,1.45,1.32,9791167,2015,10
Tuesday,1.44,1.48,1.43,1.48,1.34,5651967,2015,11
Thursday,1.48,1.48,1.45,1.47,1.33,1595967,2015,12
Friday,1.48,1.49,1.47,1.48,1.34,5189167,2015,3
Monday,1.48,1.48,1.43,1.44,1.31,6561967,2015,3
Tuesday,1.45,1.45,1.38,1.41,1.28,7683000,2015,3
Wednesday,1.41,1.42,1.37,1.4,1.27,4009200,2015,3
Thursday,1.42,1.42,1.38,1.38,1.26,2376833,2015,3
Friday,1.38,1.4,1.32,1.35,1.23,11820467,2015,3
Monday,1.36,1.36,1.15,1.23,1.12,18984767,2015,3
Tuesday,1.25,1.25,1.15,1.2,1.09,15548867,2015,3
Wednesday,1.2,1.27,1.2,1.23,1.12,4719433,2015,3
Thursday,1.22,1.23,1.19,1.2,1.09,4824300,2015,3
Friday,1.22,1.22,1.19,1.2,1.09,3910833,2015,3
Monday,1.2,1.21,1.17,1.2,1.09,3535133,2015,3
Tuesday,1.2,1.21,1.2,1.21,1.1,1599433,2015,3
Sunday,1.21,1.25,1.19,1.25,1.13,5444400,2015,1
Wednesday,1.26,1.35,1.26,1.3,1.19,21028800,2015,2
Wednesday,1.29,1.32,1.27,1.28,1.17,10336300,2015,3
Saturday,1.29,1.33,1.28,1.33,1.21,12526367,2015,7
Tuesday,1.38,1.42,1.37,1.37,1.24,25622458,2015,8
Friday,1.43,1.43,1.37,1.37,1.25,11703900,2015,9
Sunday,1.38,1.38,1.31,1.33,1.21,10519700,2015,10
Thursday,1.33,1.34,1.31,1.31,1.19,2574300,2015,4
Friday,1.32,1.37,1.32,1.33,1.21,10022700,2015,4
Monday,1.34,1.35,1.32,1.32,1.2,4814800,2015,4
Tuesday,1.33,1.36,1.32,1.33,1.21,8783500,2015,4
Wednesday,1.33,1.34,1.31,1.31,1.19,3293000,2015,4
Thursday,1.32,1.32,1.27,1.28,1.17,8839000,2015,4
Friday,1.28,1.3,1.28,1.29,1.18,1435200,2015,4
Monday,1.28,1.3,1.27,1.28,1.17,1728200,2015,4
Tuesday,1.27,1.27,1.24,1.25,1.14,1912700,2015,4
Wednesday,1.25,1.3,1.24,1.25,1.14,2215200,2015,4
Thursday,1.25,1.3,1.23,1.29,1.18,23876800,2015,4
Sunday,1.29,1.29,1.29,1.29,1.18,9334900,2015,4
Friday,1.28,1.28,1.21,1.22,1.11,12151700,2015,6
Sunday,1.22,1.23,1.18,1.18,1.08,5622900,2015,7
Wednesday,1.19,1.2,1.18,1.2,1.09,2465700,2015,8
Thursday,1.2,1.2,1.1,1.1,1,11240700,2015,11
Saturday,1.1,1.1,1.02,1.05,0.96,7549200,2015,12
Wednesday,1.05,1.06,1.01,1.04,0.95,2398000,2015,5
Thursday,1.02,1.07,1.02,1.07,0.98,4664300,2015,5
Friday,1.06,1.09,1.06,1.08,0.98,3989700,2015,5
Monday,1.08,1.08,1.05,1.06,0.97,4505700,2015,5
Tuesday,1.06,1.15,1.05,1.11,1.01,18244600,2015,5
Wednesday,1.13,1.13,1.11,1.12,1.02,5870800,2015,5
Thursday,1.12,1.19,1.12,1.18,1.08,35044200,2015,5
Friday,1.18,1.2,1.14,1.2,1.09,36674900,2015,5
Monday,1.2,1.21,1.15,1.15,1.05,19680100,2015,5
Tuesday,1.17,1.17,1.1,1.1,1,11867800,2015,5
Wednesday,1.1,1.14,1.08,1.13,1.03,9582600,2015,5
Thursday,1.13,1.13,1.11,1.12,1.02,4327500,2015,5
Friday,1.12,1.13,1.11,1.11,1.01,1900700,2015,5
Friday,1.11,1.12,1.09,1.09,0.99,3663900,2015,2
Friday,1.09,1.12,1.09,1.1,1,3044800,2015,3
Monday,1.11,1.13,1.1,1.12,1.02,3255300,2015,4
Wednesday,1.12,1.15,1.11,1.13,1.03,6192300,2015,5
Thursday,1.14,1.15,1.12,1.12,1.02,2274600,2015,8
Sunday,1.13,1.13,1.11,1.12,1.02,2084200,2015,9
Tuesday,1.12,1.13,1.11,1.12,1.02,1882300,2015,10
Friday,1.12,1.14,1.12,1.12,1.02,2268300,2015,11
Sunday,1.13,1.14,1.11,1.11,1.01,2515200,2015,12
Monday,1.11,1.12,1.11,1.12,1.02,2114200,2015,6
Tuesday,1.14,1.16,1.14,1.14,1.04,16279400,2015,6
Wednesday,1.14,1.15,1.13,1.13,1.03,2848900,2015,6
Thursday,1.14,1.15,1.12,1.13,1.03,2621400,2015,6
Friday,1.14,1.14,1.12,1.12,1.02,3377900,2015,6
Monday,1.12,1.13,1.12,1.12,1.02,1682100,2015,6
Tuesday,1.13,1.13,1.11,1.11,1.01,3174700,2015,6
Wednesday,1.12,1.13,1.11,1.12,1.02,3477000,2015,6
Thursday,1.13,1.13,1.11,1.12,1.02,2855500,2015,6
Friday,1.13,1.16,1.12,1.14,1.04,8885500,2015,6
Monday,1.12,1.14,1.11,1.14,1.04,5342300,2015,6
Tuesday,1.15,1.15,1.12,1.12,1.02,4913300,2015,6
Saturday,1.12,1.14,1.11,1.12,1.02,3687100,2015,2
Saturday,1.12,1.13,1.11,1.13,1.03,1811900,2015,3
Sunday,1.12,1.13,1.11,1.11,1.01,2431500,2015,6
Tuesday,1.12,1.13,1.11,1.12,1.02,1690900,2015,7
Friday,1.12,1.12,1.1,1.1,1,5190000,2015,8
Monday,1.1,1.12,1.1,1.1,1,2014300,2015,9
Wednesday,1.1,1.12,1.1,1.12,1.02,3313700,2015,10
Monday,1.12,1.12,1.11,1.12,1.02,1802300,2015,7
Tuesday,1.12,1.12,1.11,1.11,1.01,1080600,2015,7
Wednesday,1.11,1.29,1.11,1.28,1.17,188149200,2015,7
Thursday,1.26,1.28,1.21,1.27,1.16,68599300,2015,7
Friday,1.31,1.34,1.23,1.24,1.13,82591300,2015,7
Monday,1.26,1.26,1.2,1.2,1.09,22773800,2015,7
Tuesday,1.21,1.21,1.13,1.13,1.03,23922700,2015,7
Wednesday,1.12,1.17,1.11,1.17,1.07,15641500,2015,7
Thursday,1.18,1.18,1.15,1.15,1.05,7588500,2015,7
Friday,1.15,1.15,1.12,1.13,1.03,6130100,2015,7
Monday,1.12,1.13,1.07,1.07,0.98,10483300,2015,7
Tuesday,1.08,1.09,1.06,1.06,0.97,3971800,2015,7
Wednesday,1.06,1.07,1.05,1.05,0.96,2724700,2015,7
Friday,1.06,1.09,1.06,1.08,0.98,1925500,2015,7
Sunday,1.08,1.11,1.07,1.11,1.01,2409700,2015,3
Wednesday,1.11,1.12,1.09,1.11,1.01,2275400,2015,4
Friday,1.11,1.13,1.1,1.11,1.01,4031800,2015,5
Monday,1.11,1.11,1.09,1.09,0.99,2181200,2015,6
Wednesday,1.09,1.16,1.09,1.13,1.03,19150400,2015,7
Thursday,1.13,1.19,1.1,1.15,1.05,56247000,2015,10
Sunday,1.15,1.17,1.1,1.11,1.01,22425600,2015,11
Thursday,1.09,1.1,1.07,1.09,0.99,6862000,2015,8
Friday,1.1,1.11,1.08,1.1,1,3358700,2015,8
Monday,1.1,1.12,1.1,1.1,1,1882700,2015,8
Tuesday,1.05,1.09,1.05,1.06,0.97,7130400,2015,8
Wednesday,1.07,1.09,1.07,1.08,0.98,1800100,2015,8
Thursday,1.08,1.09,1.07,1.09,0.99,2626400,2015,8
Friday,1.08,1.09,1.07,1.08,0.98,1967100,2015,8
Monday,1.07,1.07,1,1.02,0.93,9128500,2015,8
Tuesday,1.02,1.04,0.98,1.02,0.93,7779400,2015,8
Wednesday,1.02,1.04,1.01,1.02,0.93,4486600,2015,8
Thursday,1.03,1.07,1.03,1.04,0.95,11523100,2015,8
Friday,1.04,1.06,1.04,1.04,0.95,3135000,2015,8
Monday,1.06,1.06,1.03,1.04,0.95,1508600,2015,8
Friday,1.04,1.06,1.03,1.03,0.94,3348600,2015,1
Monday,1.03,1.13,1.03,1.1,1,37966300,2015,2
Monday,1.1,1.13,1.07,1.08,0.98,14491400,2015,3
Thursday,1.09,1.1,1.06,1.08,0.98,5415100,2015,4
Thursday,1.07,1.07,1.05,1.06,0.97,3419400,2015,7
Sunday,1.06,1.07,1.05,1.07,0.98,2622500,2015,8
Wednesday,1.08,1.1,1.07,1.08,0.98,6721700,2015,9
Friday,1.08,1.1,1.07,1.08,0.98,8674800,2015,10
Monday,1.09,1.13,1.08,1.08,0.98,26705700,2015,11
Monday,1.08,1.09,1.06,1.07,0.98,6507900,2015,9
Tuesday,1.07,1.09,1.06,1.07,0.98,6483200,2015,9
Wednesday,1.09,1.09,1.06,1.07,0.98,2528000,2015,9
Thursday,1.08,1.08,1.07,1.07,0.98,2066600,2015,9
Friday,1.08,1.13,1.07,1.13,1.03,54423000,2015,9
Monday,1.12,1.13,1.1,1.11,1.01,18170500,2015,9
Tuesday,1.12,1.12,1.08,1.08,0.98,10141700,2015,9
Wednesday,1.08,1.1,1.07,1.1,1,5019500,2015,9
Thursday,1.1,1.12,1.08,1.08,0.98,10603200,2015,9
Friday,1.09,1.1,1.09,1.09,0.99,1865600,2015,9
Monday,1.09,1.09,1.06,1.06,0.97,4815000,2015,9
Tuesday,1.06,1.07,1.06,1.07,0.98,6431900,2015,9
Wednesday,1.06,1.08,1.05,1.06,0.97,5287900,2015,9
Saturday,1.06,1.07,1.05,1.05,0.96,2675500,2015,1
Tuesday,1.04,1.06,1.04,1.05,0.96,1359600,2015,2
Sunday,1.05,1.07,1.05,1.05,0.96,7647600,2015,5
Wednesday,1.06,1.07,1.05,1.06,0.97,1488600,2015,6
Friday,1.06,1.08,1.05,1.06,0.97,6659500,2015,7
Monday,1.06,1.07,1.05,1.05,0.96,2875100,2015,8
Thursday,1.07,1.07,1.05,1.06,0.97,2362200,2015,9
Thursday,1.06,1.06,1.05,1.06,0.97,2093800,2015,12
Tuesday,1.06,1.06,1.05,1.05,0.96,2482200,2015,10
Wednesday,1.05,1.06,1.05,1.06,0.97,2712400,2015,10
Thursday,1.06,1.07,1.05,1.06,0.97,3847300,2015,10
Friday,1.07,1.07,1.05,1.07,0.98,2072700,2015,10
Monday,1.07,1.07,1.05,1.05,0.96,2338400,2015,10
Tuesday,1.06,1.07,1.06,1.07,0.98,1689000,2015,10
Wednesday,1.07,1.08,1.06,1.07,0.98,6937600,2015,10
Thursday,1.07,1.07,1.06,1.07,0.98,3471200,2015,10
Monday,1.07,1.07,1.06,1.07,0.98,2321700,2015,10
Tuesday,1.07,1.07,1.05,1.05,0.96,2702600,2015,10
Wednesday,1.05,1.06,1.05,1.05,0.96,3529900,2015,10
Thursday,1.05,1.05,1.03,1.03,0.94,3768700,2015,10
Friday,1.03,1.04,1.03,1.03,0.94,817000,2015,10
Wednesday,1.03,1.04,1.03,1.03,0.94,1764100,2015,2
Wednesday,1.04,1.04,1.03,1.04,0.95,3171100,2015,3
Saturday,1.04,1.04,1.03,1.03,0.94,4641000,2015,4
Monday,1.03,1.04,1.02,1.03,0.94,2945200,2015,5
Thursday,1.03,1.04,1.02,1.03,0.94,1403200,2015,6
Friday,1.03,1.04,1.02,1.02,0.93,2486300,2015,9
Sunday,1.01,1.03,1.01,1.02,0.93,1903300,2015,10
Wednesday,1.02,1.03,1.01,1.02,0.93,3211100,2015,11
Friday,1.01,1.02,1,1,0.91,2618000,2015,12
Friday,1,1.01,0.99,1.01,0.92,4150300,2015,11
Monday,0.99,1,0.99,1,0.91,1480400,2015,11
Tuesday,1,1.01,0.98,0.98,0.89,2455200,2015,11
Wednesday,0.99,1,0.97,0.97,0.88,3220700,2015,11
Thursday,0.97,0.99,0.97,0.99,0.9,2847700,2015,11
Friday,0.98,1.03,0.98,1.01,0.92,10635300,2015,11
Monday,1.02,1.02,1,1.02,0.93,1367900,2015,11
Tuesday,1.01,1.02,0.99,1,0.91,3225400,2015,11
Wednesday,1,1,0.98,0.98,0.89,1746100,2015,11
Thursday,1,1,0.97,0.98,0.89,2039500,2015,11
Friday,0.98,0.98,0.92,0.95,0.87,2682500,2015,11
Monday,0.95,0.96,0.95,0.95,0.87,1032400,2015,11
Monday,0.95,0.96,0.91,0.91,0.83,5204600,2015,1
Thursday,0.93,0.93,0.88,0.9,0.82,6349100,2015,2
Thursday,0.9,0.9,0.83,0.87,0.79,4646800,2015,3
Sunday,0.86,0.86,0.81,0.82,0.75,3991800,2015,4
Wednesday,0.81,0.81,0.76,0.77,0.7,3900400,2015,8
Saturday,0.76,0.77,0.75,0.75,0.68,4817000,2015,9
Thursday,0.75,0.76,0.74,0.76,0.69,1171300,2015,11
Monday,0.75,0.76,0.72,0.76,0.69,2101300,2015,12
Tuesday,0.75,0.78,0.75,0.78,0.71,2035800,2015,12
Wednesday,0.79,0.82,0.78,0.81,0.74,2636600,2015,12
Thursday,0.81,0.82,0.8,0.82,0.75,748000,2015,12
Friday,0.81,0.81,0.79,0.8,0.73,823000,2015,12
Monday,0.78,0.78,0.75,0.75,0.68,1940100,2015,12
Tuesday,0.76,0.76,0.7,0.72,0.66,4725700,2015,12
Wednesday,0.72,0.74,0.7,0.73,0.67,1771300,2015,12
Thursday,0.73,0.77,0.73,0.75,0.68,3454600,2015,12
Friday,0.76,0.87,0.75,0.8,0.73,20858500,2015,12
Monday,0.8,0.8,0.78,0.78,0.71,2547900,2015,12
Tuesday,0.78,0.79,0.77,0.78,0.71,2115500,2015,12
Wednesday,0.78,0.8,0.77,0.78,0.71,2790300,2015,12
Friday,0.78,0.78,0.75,0.75,0.68,1402800,2016,4
Sunday,0.75,0.76,0.74,0.75,0.68,1939500,2016,5
Wednesday,0.75,0.75,0.73,0.75,0.68,1948100,2016,6
Friday,0.75,0.78,0.74,0.75,0.68,8495000,2016,7
Monday,0.77,0.77,0.74,0.74,0.67,3669600,2016,8
Tuesday,0.74,0.75,0.73,0.74,0.67,1727800,2016,11
Thursday,0.74,0.75,0.73,0.74,0.67,1727900,2016,12
Wednesday,0.75,0.75,0.74,0.75,0.68,1614400,2016,1
Thursday,0.75,0.75,0.74,0.75,0.68,1442300,2016,1
Friday,0.75,0.75,0.73,0.73,0.67,2578500,2016,1
Monday,0.73,0.74,0.73,0.74,0.67,1028500,2016,1
Tuesday,0.74,0.76,0.74,0.74,0.67,3281300,2016,1
Wednesday,0.74,0.74,0.72,0.73,0.67,2176400,2016,1
Thursday,0.73,0.74,0.72,0.73,0.67,1306500,2016,1
Friday,0.73,0.74,0.72,0.74,0.67,2882400,2016,1
Monday,0.74,0.74,0.73,0.73,0.67,1275300,2016,1
Tuesday,0.72,0.77,0.72,0.74,0.67,9655200,2016,1
Wednesday,0.75,0.77,0.74,0.76,0.69,7329100,2016,1
Thursday,0.76,0.76,0.74,0.75,0.68,3750700,2016,1
Friday,0.74,0.75,0.73,0.73,0.67,3854200,2016,1
Saturday,0.73,0.74,0.73,0.73,0.67,3592500,2016,1
Tuesday,0.73,0.76,0.73,0.73,0.67,5343800,2016,2
Wednesday,0.74,0.74,0.73,0.74,0.67,1142100,2016,3
Saturday,0.74,0.75,0.73,0.74,0.67,3062600,2016,4
Monday,0.75,0.77,0.74,0.76,0.69,11920100,2016,5
Tuesday,0.75,0.77,0.75,0.75,0.68,4317200,2016,8
Friday,0.75,0.84,0.75,0.81,0.74,72665000,2016,9
Sunday,0.81,0.82,0.79,0.8,0.73,14041000,2016,10
Wednesday,0.8,0.82,0.76,0.77,0.7,12470900,2016,11
Friday,0.77,0.79,0.76,0.76,0.69,9623900,2016,12
Monday,0.77,0.79,0.77,0.78,0.71,5282500,2016,2
Tuesday,0.79,0.8,0.77,0.78,0.71,6254800,2016,2
Wednesday,0.78,0.78,0.76,0.78,0.71,3122100,2016,2
Thursday,0.78,0.79,0.78,0.79,0.72,2560800,2016,2
Friday,0.79,0.8,0.79,0.8,0.73,2906200,2016,2
Tuesday,0.8,0.81,0.79,0.81,0.74,5066600,2016,2
Wednesday,0.8,0.8,0.78,0.8,0.73,4208400,2016,2
Thursday,0.8,0.81,0.79,0.8,0.73,2966900,2016,2
Friday,0.8,0.8,0.79,0.79,0.72,3120000,2016,2
Monday,0.8,0.8,0.78,0.79,0.72,2539200,2016,2
Sunday,0.79,0.79,0.76,0.77,0.7,2610300,2016,1
Wednesday,0.76,0.77,0.74,0.75,0.68,6152100,2016,2
Thursday,0.75,0.76,0.75,0.75,0.68,2045700,2016,3
Sunday,0.76,0.76,0.75,0.76,0.69,1038400,2016,4
Sunday,0.76,0.77,0.75,0.76,0.69,1197500,2016,7
Wednesday,0.76,0.76,0.73,0.73,0.67,6609400,2016,8
Saturday,0.73,0.75,0.73,0.75,0.68,1687600,2016,9
Monday,0.76,0.76,0.74,0.75,0.68,1051700,2016,10
Thursday,0.74,0.77,0.74,0.77,0.7,1873300,2016,11
Monday,0.77,0.78,0.76,0.77,0.7,2682800,2016,3
Tuesday,0.77,0.77,0.75,0.76,0.69,1525000,2016,3
Wednesday,0.75,0.77,0.75,0.75,0.68,1038500,2016,3
Thursday,0.75,0.77,0.75,0.76,0.69,1306400,2016,3
Friday,0.77,0.82,0.76,0.81,0.74,40729900,2016,3
Monday,0.82,0.82,0.78,0.78,0.71,14780700,2016,3
Tuesday,0.79,0.8,0.78,0.79,0.72,6100600,2016,3
Wednesday,0.79,0.81,0.79,0.79,0.72,9844200,2016,3
Thursday,0.8,0.84,0.79,0.81,0.74,35890400,2016,3
Friday,0.82,0.85,0.82,0.82,0.75,44432900,2016,3
Monday,0.83,0.84,0.81,0.83,0.76,13829900,2016,3
Tuesday,0.83,0.84,0.82,0.82,0.75,9724300,2016,3
Wednesday,0.83,0.88,0.83,0.86,0.78,49520000,2016,3
Thursday,0.87,0.9,0.87,0.87,0.79,30647800,2016,3
Monday,0.88,0.88,0.83,0.83,0.76,22797500,2016,1
Monday,0.84,0.86,0.83,0.85,0.78,10480100,2016,4
Wednesday,0.85,0.86,0.82,0.83,0.76,12904300,2016,5
Monday,0.84,0.84,0.8,0.8,0.73,6166400,2016,7
Thursday,0.79,0.8,0.78,0.8,0.73,7545100,2016,8
Friday,0.79,0.8,0.79,0.79,0.72,1520700,2016,11
Sunday,0.79,0.83,0.79,0.81,0.74,7793600,2016,12
Monday,0.82,0.83,0.81,0.82,0.75,4593000,2016,4
Tuesday,0.83,0.85,0.82,0.84,0.77,12997700,2016,4
Wednesday,0.84,0.85,0.82,0.82,0.75,6841500,2016,4
Thursday,0.82,0.84,0.82,0.82,0.75,4202800,2016,4
Friday,0.83,0.83,0.82,0.82,0.75,2578200,2016,4
Monday,0.83,0.83,0.81,0.81,0.74,3665100,2016,4
Tuesday,0.82,0.82,0.81,0.82,0.75,2133400,2016,4
Wednesday,0.83,0.9,0.82,0.89,0.81,150789800,2016,4
Thursday,0.88,0.92,0.85,0.87,0.79,136955800,2016,4
Friday,0.87,0.87,0.84,0.85,0.78,27883100,2016,4
Saturday,0.85,0.86,0.82,0.82,0.75,26444600,2016,3
Tuesday,0.8,0.81,0.79,0.8,0.75,18544500,2016,4
Monday,0.8,0.81,0.8,0.81,0.76,5448700,2016,9
Wednesday,0.81,0.84,0.81,0.83,0.78,8628500,2016,10
Saturday,0.82,0.83,0.81,0.83,0.78,3112000,2016,11
Monday,0.83,0.83,0.81,0.82,0.77,2473400,2016,12
Friday,0.82,0.83,0.81,0.83,0.78,2007800,2016,5
Monday,0.83,0.83,0.8,0.81,0.76,4358000,2016,5
Tuesday,0.81,0.81,0.79,0.8,0.75,4978600,2016,5
Wednesday,0.8,0.81,0.78,0.78,0.73,5363700,2016,5
Thursday,0.78,0.8,0.78,0.78,0.73,4368500,2016,5
Monday,0.78,0.81,0.78,0.79,0.74,5763500,2016,5
Tuesday,0.78,0.79,0.78,0.79,0.74,3042900,2016,5
Wednesday,0.79,0.8,0.79,0.8,0.75,2689700,2016,5
Thursday,0.8,0.81,0.79,0.8,0.75,2780800,2016,5
Friday,0.79,0.8,0.79,0.79,0.74,4900400,2016,5
Monday,0.8,0.81,0.79,0.8,0.75,6342300,2016,5
Tuesday,0.8,0.81,0.79,0.79,0.74,2306000,2016,5
Wednesday,0.8,0.8,0.78,0.78,0.73,6404300,2016,1
Saturday,0.79,0.8,0.79,0.79,0.74,4726200,2016,2
Sunday,0.8,0.83,0.8,0.81,0.76,18709600,2016,3
Monday,0.82,0.83,0.81,0.82,0.77,8674800,2016,6
Wednesday,0.82,0.83,0.8,0.82,0.77,6969800,2016,7
Saturday,0.81,0.81,0.8,0.81,0.76,4659800,2016,8
Tuesday,0.81,0.81,0.8,0.8,0.75,2416600,2016,9
Thursday,0.8,0.8,0.79,0.8,0.75,5306600,2016,10
Monday,0.8,0.8,0.79,0.8,0.75,2373000,2016,6
Tuesday,0.8,0.81,0.79,0.8,0.75,2444100,2016,6
Wednesday,0.81,0.81,0.79,0.8,0.75,742800,2016,6
Thursday,0.8,0.8,0.78,0.78,0.73,7405100,2016,6
Friday,0.79,0.8,0.76,0.78,0.73,10638700,2016,6
Monday,0.78,0.79,0.77,0.78,0.73,1571000,2016,6
Tuesday,0.78,0.79,0.78,0.78,0.73,1420000,2016,6
Wednesday,0.78,0.79,0.78,0.78,0.73,980300,2016,6
Thursday,0.78,0.79,0.78,0.78,0.73,3001700,2016,6
Friday,0.77,0.78,0.76,0.77,0.72,5575300,2016,6
Monday,0.78,0.78,0.77,0.77,0.72,2529100,2016,6
Tuesday,0.78,0.79,0.78,0.78,0.73,5051600,2016,6
Wednesday,0.79,0.8,0.78,0.79,0.74,2545800,2016,6
Thursday,0.79,0.8,0.78,0.79,0.74,1678700,2016,6
Thursday,0.79,0.81,0.79,0.8,0.75,9077600,2016,4
Saturday,0.8,0.82,0.8,0.81,0.76,5552300,2016,5
Tuesday,0.81,0.81,0.8,0.81,0.76,1962600,2016,6
Thursday,0.8,0.81,0.79,0.79,0.74,4687800,2016,7
Sunday,0.79,0.8,0.79,0.79,0.74,893500,2016,8
Monday,0.79,0.8,0.79,0.8,0.75,1557600,2016,11
Wednesday,0.8,0.81,0.79,0.8,0.75,2599800,2016,12
Wednesday,0.8,0.81,0.79,0.8,0.75,4457400,2016,7
Thursday,0.8,0.81,0.79,0.79,0.74,3924500,2016,7
Friday,0.8,0.8,0.79,0.79,0.74,4971500,2016,7
Wednesday,0.79,0.81,0.79,0.8,0.75,9643800,2016,7
Thursday,0.81,0.82,0.79,0.79,0.74,14883100,2016,7
Friday,0.79,0.8,0.79,0.8,0.75,2580800,2016,7
Monday,0.8,0.81,0.8,0.8,0.75,4035700,2016,7
Tuesday,0.8,0.8,0.79,0.79,0.74,2702800,2016,7
Wednesday,0.8,0.81,0.79,0.8,0.75,7540300,2016,7
Thursday,0.8,0.81,0.79,0.79,0.74,5303200,2016,7
Friday,0.8,0.8,0.79,0.79,0.74,5079200,2016,7
Friday,0.79,0.8,0.79,0.79,0.74,7006300,2016,1
Monday,0.78,0.79,0.77,0.78,0.73,4757400,2016,2
Tuesday,0.78,0.79,0.77,0.78,0.73,2927300,2016,3
Friday,0.78,0.79,0.77,0.78,0.73,1452500,2016,4
Sunday,0.78,0.79,0.77,0.77,0.72,2217200,2016,5
Monday,0.78,0.79,0.78,0.78,0.73,3148900,2016,8
Thursday,0.78,0.79,0.77,0.78,0.73,2591000,2016,9
Saturday,0.78,0.78,0.77,0.77,0.72,9286200,2016,10
Tuesday,0.77,0.78,0.76,0.77,0.72,3839100,2016,11
Monday,0.76,0.76,0.74,0.75,0.7,12117800,2016,8
Tuesday,0.75,0.75,0.74,0.75,0.7,4617900,2016,8
Wednesday,0.75,0.76,0.74,0.74,0.69,1959600,2016,8
Thursday,0.75,0.75,0.74,0.74,0.69,3646300,2016,8
Friday,0.74,0.75,0.73,0.74,0.69,3283800,2016,8
Monday,0.73,0.75,0.73,0.73,0.68,2003500,2016,8
Tuesday,0.74,0.74,0.72,0.73,0.68,4962900,2016,8
Wednesday,0.73,0.73,0.71,0.72,0.68,8926200,2016,8
Thursday,0.71,0.73,0.71,0.72,0.68,4406000,2016,8
Friday,0.73,0.73,0.71,0.73,0.68,2147400,2016,8
Monday,0.73,0.74,0.72,0.73,0.68,3960100,2016,8
Tuesday,0.73,0.74,0.72,0.73,0.68,6385900,2016,8
Wednesday,0.73,0.73,0.72,0.73,0.68,1712000,2016,8
Saturday,0.72,0.74,0.72,0.73,0.68,6198000,2016,1
Tuesday,0.73,0.74,0.7,0.71,0.67,11389600,2016,2
Monday,0.72,0.72,0.68,0.7,0.66,6734200,2016,5
Thursday,0.7,0.7,0.69,0.69,0.65,1243500,2016,6
Saturday,0.7,0.7,0.68,0.69,0.65,4093200,2016,7
Tuesday,0.69,0.69,0.63,0.65,0.61,13710800,2016,8
Friday,0.64,0.64,0.61,0.63,0.59,6395300,2016,9
Friday,0.62,0.62,0.59,0.6,0.56,9167500,2016,12
Tuesday,0.6,0.61,0.59,0.61,0.57,2359300,2016,9
Wednesday,0.6,0.62,0.6,0.61,0.57,2295800,2016,9
Thursday,0.61,0.63,0.61,0.62,0.58,3832400,2016,9
Friday,0.62,0.63,0.61,0.62,0.58,1226400,2016,9
Monday,0.63,0.65,0.62,0.63,0.59,7793200,2016,9
Tuesday,0.63,0.63,0.62,0.63,0.59,2247400,2016,9
Wednesday,0.63,0.64,0.63,0.63,0.59,2155300,2016,9
Thursday,0.64,0.65,0.63,0.64,0.6,2249500,2016,9
Friday,0.63,0.64,0.62,0.63,0.59,2900700,2016,9
Monday,0.63,0.63,0.62,0.63,0.59,494700,2016,9
Tuesday,0.62,0.67,0.62,0.67,0.63,21223100,2016,9
Wednesday,0.67,0.67,0.64,0.65,0.61,11718600,2016,9
Thursday,0.66,0.67,0.64,0.64,0.6,3360000,2016,9
Friday,0.65,0.67,0.64,0.66,0.62,4795400,2016,9
Thursday,0.66,0.66,0.63,0.64,0.6,3425100,2016,3
Sunday,0.64,0.65,0.63,0.64,0.6,1768500,2016,4
Tuesday,0.64,0.65,0.64,0.64,0.6,1452900,2016,5
Friday,0.64,0.65,0.64,0.64,0.6,1945600,2016,6
Sunday,0.64,0.64,0.63,0.64,0.6,1892600,2016,7
Monday,0.62,0.62,0.6,0.61,0.57,5366100,2016,10
Thursday,0.62,0.62,0.59,0.59,0.55,5092800,2016,11
Saturday,0.6,0.6,0.48,0.54,0.51,9361800,2016,12
Thursday,0.53,0.53,0.47,0.49,0.46,17710100,2016,10
Friday,0.51,0.54,0.51,0.54,0.51,14728900,2016,10
Monday,0.54,0.56,0.54,0.56,0.53,7479100,2016,10
Tuesday,0.56,0.56,0.55,0.56,0.53,2274300,2016,10
Wednesday,0.56,0.6,0.55,0.58,0.54,9930400,2016,10
Thursday,0.59,0.6,0.58,0.6,0.56,6924500,2016,10
Friday,0.6,0.6,0.59,0.6,0.56,2424100,2016,10
Tuesday,0.6,0.61,0.59,0.6,0.56,5682600,2016,10
Wednesday,0.59,0.6,0.58,0.59,0.55,2428800,2016,10
Thursday,0.59,0.62,0.59,0.6,0.56,7970500,2016,10
Friday,0.6,0.62,0.6,0.61,0.57,10747400,2016,10
Monday,0.61,0.61,0.6,0.6,0.56,3232500,2016,10
Monday,0.6,0.61,0.6,0.61,0.57,3260700,2016,1
Thursday,0.61,0.61,0.6,0.6,0.56,3094200,2016,2
Friday,0.6,0.61,0.59,0.6,0.56,2685200,2016,3
Monday,0.61,0.61,0.59,0.6,0.56,2512000,2016,4
Monday,0.6,0.6,0.59,0.6,0.56,1555000,2016,7
Thursday,0.6,0.61,0.6,0.6,0.56,1815000,2016,8
Sunday,0.6,0.64,0.59,0.62,0.58,23246400,2016,9
Tuesday,0.63,0.64,0.62,0.62,0.58,10534500,2016,10
Friday,0.62,0.62,0.61,0.61,0.57,6005500,2016,11
Monday,0.61,0.61,0.59,0.59,0.55,5449500,2016,11
Tuesday,0.59,0.6,0.59,0.59,0.55,3477400,2016,11
Wednesday,0.59,0.6,0.59,0.59,0.55,1172800,2016,11
Thursday,0.59,0.59,0.58,0.58,0.54,1185600,2016,11
Friday,0.58,0.59,0.58,0.58,0.54,1090600,2016,11
Monday,0.58,0.59,0.57,0.58,0.54,744300,2016,11
Tuesday,0.59,0.59,0.58,0.58,0.54,2739500,2016,11
Wednesday,0.58,0.59,0.58,0.58,0.54,2676100,2016,11
Thursday,0.59,0.6,0.58,0.59,0.55,10316900,2016,11
Friday,0.6,0.61,0.59,0.59,0.55,3686300,2016,11
Monday,0.6,0.61,0.59,0.59,0.55,1135300,2016,11
Tuesday,0.59,0.6,0.59,0.6,0.56,2193600,2016,11
Wednesday,0.59,0.6,0.59,0.59,0.55,959100,2016,11
Tuesday,0.6,0.6,0.58,0.58,0.54,1465700,2016,1
Friday,0.58,0.59,0.58,0.58,0.54,714700,2016,2
Sunday,0.6,0.6,0.58,0.59,0.55,1044000,2016,6
Tuesday,0.58,0.59,0.58,0.58,0.54,1381100,2016,7
Friday,0.58,0.6,0.58,0.59,0.55,5632200,2016,8
Monday,0.59,0.6,0.58,0.58,0.54,3035300,2016,9
Tuesday,0.58,0.59,0.58,0.58,0.54,2131700,2016,12
Wednesday,0.59,0.59,0.57,0.58,0.54,5237200,2016,12
Thursday,0.58,0.58,0.57,0.57,0.53,2869200,2016,12
Friday,0.58,0.58,0.57,0.57,0.53,2764000,2016,12
Monday,0.57,0.58,0.57,0.57,0.53,559300,2016,12
Tuesday,0.57,0.57,0.56,0.57,0.53,2374200,2016,12
Wednesday,0.58,0.58,0.56,0.56,0.53,1173900,2016,12
Thursday,0.56,0.58,0.56,0.56,0.53,4058400,2016,12
Friday,0.57,0.58,0.56,0.57,0.53,3518900,2016,12
Monday,0.58,0.58,0.56,0.56,0.53,2025800,2016,12
Tuesday,0.57,0.58,0.56,0.57,0.53,2842800,2016,12
Wednesday,0.58,0.6,0.57,0.58,0.54,9291000,2016,12
Thursday,0.59,0.59,0.58,0.58,0.54,3333800,2016,12
Friday,0.58,0.59,0.57,0.58,0.54,3453900,2016,12
Saturday,0.58,0.6,0.58,0.6,0.56,5693600,2017,4
Monday,0.6,0.64,0.6,0.63,0.59,28642400,2017,5
Thursday,0.64,0.66,0.64,0.64,0.6,25843700,2017,6
Friday,0.65,0.66,0.64,0.65,0.61,10511900,2017,9
Sunday,0.65,0.72,0.65,0.71,0.67,77334500,2017,10
Wednesday,0.71,0.72,0.68,0.68,0.64,17114700,2017,11
Friday,0.69,0.7,0.68,0.69,0.65,7883900,2017,12
Monday,0.7,0.75,0.7,0.75,0.7,33442200,2017,1
Tuesday,0.74,0.76,0.72,0.73,0.68,20979400,2017,1
Wednesday,0.73,0.74,0.72,0.72,0.68,7296200,2017,1
Thursday,0.72,0.72,0.7,0.71,0.67,10841700,2017,1
Friday,0.7,0.72,0.7,0.71,0.67,3149500,2017,1
Monday,0.72,0.75,0.72,0.74,0.69,16207700,2017,1
Tuesday,0.75,0.76,0.73,0.73,0.68,14111300,2017,1
Wednesday,0.73,0.75,0.73,0.73,0.68,4183000,2017,1
Thursday,0.74,0.74,0.72,0.72,0.68,3436000,2017,1
Friday,0.72,0.73,0.71,0.72,0.68,3063700,2017,1
Monday,0.73,0.74,0.72,0.73,0.68,1750100,2017,1
Tuesday,0.73,0.74,0.7,0.72,0.68,5785300,2017,1
Monday,0.72,0.72,0.71,0.72,0.68,1589200,2017,1
Thursday,0.72,0.73,0.7,0.72,0.68,3793400,2017,2
Thursday,0.72,0.73,0.71,0.71,0.67,6887500,2017,3
Friday,0.71,0.72,0.71,0.72,0.68,1530400,2017,6
Sunday,0.71,0.72,0.71,0.71,0.67,2661100,2017,7
Wednesday,0.71,0.72,0.7,0.71,0.67,3914500,2017,8
Saturday,0.7,0.71,0.7,0.7,0.66,840300,2017,9
Monday,0.7,0.71,0.7,0.71,0.67,1208500,2017,10
Tuesday,0.71,0.71,0.69,0.7,0.66,1352300,2017,2
Wednesday,0.69,0.7,0.69,0.7,0.66,1453700,2017,2
Thursday,0.69,0.71,0.69,0.7,0.66,995800,2017,2
Friday,0.7,0.7,0.69,0.7,0.66,1374100,2017,2
Monday,0.7,0.72,0.7,0.72,0.68,1031800,2017,2
Tuesday,0.72,0.73,0.71,0.72,0.68,1668700,2017,2
Wednesday,0.72,0.72,0.71,0.72,0.68,1554800,2017,2
Thursday,0.72,0.73,0.71,0.72,0.68,968700,2017,2
Friday,0.72,0.72,0.71,0.72,0.68,2522200,2017,2
Monday,0.71,0.71,0.68,0.69,0.65,7154700,2017,2
Tuesday,0.69,0.7,0.68,0.68,0.64,2531300,2017,2
Tuesday,0.67,0.67,0.63,0.64,0.6,10847700,2017,1
Friday,0.63,0.65,0.63,0.64,0.6,2972100,2017,2
Friday,0.63,0.64,0.62,0.64,0.6,2941500,2017,3
Saturday,0.64,0.64,0.63,0.63,0.59,1558300,2017,6
Monday,0.63,0.64,0.62,0.63,0.59,1594600,2017,7
Thursday,0.62,0.63,0.61,0.63,0.59,3557800,2017,8
Sunday,0.63,0.63,0.61,0.62,0.58,1701800,2017,9
Tuesday,0.63,0.66,0.63,0.64,0.6,7517300,2017,10
Monday,0.65,0.65,0.63,0.64,0.6,931400,2017,3
Tuesday,0.63,0.64,0.63,0.63,0.59,1457600,2017,3
Wednesday,0.63,0.63,0.62,0.63,0.59,915500,2017,3
Thursday,0.63,0.64,0.62,0.62,0.58,2962800,2017,3
Friday,0.63,0.63,0.62,0.62,0.58,754400,2017,3
Monday,0.63,0.63,0.62,0.62,0.58,741600,2017,3
Tuesday,0.62,0.63,0.62,0.63,0.59,1855500,2017,3
Wednesday,0.63,0.63,0.62,0.63,0.59,175900,2017,3
Thursday,0.64,0.64,0.63,0.64,0.6,339900,2017,3
Friday,0.64,0.66,0.63,0.65,0.61,5553300,2017,3
Monday,0.65,0.65,0.63,0.63,0.59,2955700,2017,3
Tuesday,0.64,0.64,0.63,0.64,0.6,2674200,2017,3
Wednesday,0.63,0.64,0.63,0.64,0.6,799900,2017,3
Thursday,0.64,0.64,0.63,0.64,0.6,439000,2017,3
Friday,0.63,0.64,0.63,0.63,0.59,700400,2017,3
Saturday,0.63,0.64,0.63,0.64,0.6,656000,2017,3
Tuesday,0.64,0.64,0.63,0.63,0.59,1656400,2017,4
Thursday,0.63,0.63,0.62,0.63,0.59,2195800,2017,5
Tuesday,0.63,0.63,0.62,0.63,0.59,2456100,2017,7
Wednesday,0.63,0.63,0.62,0.63,0.59,1773000,2017,10
Saturday,0.63,0.64,0.62,0.62,0.58,3294600,2017,11
Monday,0.62,0.64,0.62,0.63,0.59,1169400,2017,12
Monday,0.63,0.63,0.62,0.63,0.59,944300,2017,4
Tuesday,0.63,0.63,0.62,0.63,0.59,939200,2017,4
Wednesday,0.63,0.63,0.62,0.62,0.58,652100,2017,4
Thursday,0.62,0.63,0.62,0.62,0.58,1661400,2017,4
Friday,0.62,0.65,0.62,0.63,0.59,5451700,2017,4
Monday,0.63,0.63,0.62,0.63,0.59,1312900,2017,4
Tuesday,0.63,0.63,0.61,0.62,0.58,3945300,2017,4
Wednesday,0.62,0.62,0.61,0.62,0.58,1732000,2017,4
Thursday,0.63,0.63,0.62,0.62,0.58,1968400,2017,4
Friday,0.63,0.63,0.62,0.63,0.59,618800,2017,4
Sunday,0.63,0.64,0.63,0.63,0.59,361400,2017,2
Sunday,0.63,0.65,0.63,0.63,0.59,3878400,2017,3
Wednesday,0.64,0.64,0.63,0.63,0.59,991300,2017,4
Saturday,0.62,0.63,0.62,0.62,0.6,1394400,2017,8
Tuesday,0.62,0.62,0.61,0.61,0.59,1835400,2017,9
Sunday,0.61,0.61,0.59,0.59,0.57,3502900,2017,11
Tuesday,0.58,0.59,0.58,0.58,0.56,1517700,2017,12
Monday,0.58,0.58,0.58,0.58,0.56,100700,2017,5
Tuesday,0.58,0.58,0.57,0.58,0.56,1513200,2017,5
Wednesday,0.58,0.58,0.57,0.57,0.55,1077800,2017,5
Thursday,0.57,0.58,0.57,0.58,0.56,365200,2017,5
Friday,0.58,0.58,0.57,0.58,0.56,378100,2017,5
Monday,0.58,0.58,0.57,0.58,0.56,1152300,2017,5
Tuesday,0.58,0.59,0.57,0.58,0.56,1310100,2017,5
Wednesday,0.58,0.59,0.58,0.59,0.57,853500,2017,5
Thursday,0.59,0.59,0.58,0.59,0.57,977900,2017,5
Friday,0.59,0.59,0.58,0.59,0.57,1988100,2017,5
Monday,0.58,0.59,0.58,0.59,0.57,2237100,2017,5
Tuesday,0.58,0.59,0.57,0.58,0.56,1640900,2017,5
Wednesday,0.58,0.59,0.57,0.58,0.56,416900,2017,5
Friday,0.58,0.58,0.57,0.58,0.56,589500,2017,1
Monday,0.57,0.58,0.57,0.58,0.56,500100,2017,2
Saturday,0.57,0.58,0.57,0.58,0.56,644900,2017,5
Tuesday,0.57,0.58,0.56,0.58,0.56,2059100,2017,6
Thursday,0.57,0.57,0.57,0.57,0.55,843400,2017,7
Sunday,0.57,0.57,0.57,0.57,0.55,452200,2017,8
Wednesday,0.57,0.58,0.56,0.57,0.55,416400,2017,9
Wednesday,0.57,0.58,0.56,0.57,0.55,330400,2017,12
Tuesday,0.57,0.61,0.57,0.6,0.58,9207800,2017,6
Wednesday,0.6,0.64,0.6,0.63,0.61,9727500,2017,6
Thursday,0.62,0.63,0.61,0.62,0.6,2807900,2017,6
Friday,0.62,0.63,0.61,0.61,0.59,1024900,2017,6
Monday,0.62,0.62,0.6,0.61,0.59,3577600,2017,6
Tuesday,0.61,0.62,0.6,0.61,0.59,808500,2017,6
Wednesday,0.61,0.61,0.59,0.6,0.58,1665500,2017,6
Thursday,0.6,0.61,0.59,0.6,0.58,3040300,2017,6
Friday,0.59,0.64,0.59,0.62,0.6,22161200,2017,6
Monday,0.65,0.68,0.63,0.67,0.65,55657400,2017,6
Tuesday,0.67,0.69,0.66,0.66,0.64,42777500,2017,6
Wednesday,0.66,0.67,0.64,0.65,0.63,10742600,2017,6
Thursday,0.65,0.66,0.64,0.65,0.63,6875500,2017,6
Friday,0.64,0.65,0.62,0.64,0.62,8066800,2017,6
Tuesday,0.64,0.64,0.62,0.63,0.61,3918700,2017,3
Friday,0.63,0.64,0.62,0.63,0.61,4596900,2017,4
Sunday,0.63,0.63,0.6,0.61,0.59,11107700,2017,5
Wednesday,0.61,0.61,0.59,0.61,0.59,2967500,2017,6
Friday,0.61,0.61,0.6,0.61,0.59,2416600,2017,7
Tuesday,0.61,0.61,0.6,0.6,0.58,1479400,2017,11
Thursday,0.6,0.62,0.59,0.62,0.6,5278900,2017,12
Thursday,0.62,0.62,0.6,0.61,0.59,1244200,2017,7
Friday,0.6,0.61,0.6,0.61,0.59,357900,2017,7
Monday,0.61,0.61,0.6,0.61,0.59,1385700,2017,7
Tuesday,0.6,0.61,0.6,0.61,0.59,1947400,2017,7
Wednesday,0.61,0.61,0.59,0.59,0.57,1645600,2017,7
Thursday,0.59,0.6,0.59,0.6,0.58,1853600,2017,7
Friday,0.6,0.6,0.59,0.6,0.58,400000,2017,7
Monday,0.59,0.6,0.59,0.6,0.58,565200,2017,7
Tuesday,0.59,0.6,0.59,0.6,0.58,4632900,2017,7
Wednesday,0.59,0.6,0.58,0.59,0.57,2327400,2017,7
Thursday,0.59,0.59,0.58,0.59,0.57,2502100,2017,7
Monday,0.59,0.59,0.58,0.59,0.57,1462600,2017,7
Sunday,0.59,0.59,0.58,0.59,0.57,857600,2017,1
Wednesday,0.59,0.6,0.59,0.59,0.57,1171700,2017,2
Wednesday,0.59,0.59,0.58,0.58,0.56,1055600,2017,3
Saturday,0.58,0.6,0.58,0.59,0.57,808800,2017,4
Saturday,0.59,0.59,0.58,0.58,0.56,215200,2017,7
Tuesday,0.58,0.59,0.58,0.58,0.56,2250600,2017,8
Friday,0.58,0.59,0.57,0.58,0.56,1551000,2017,9
Sunday,0.58,0.58,0.57,0.58,0.56,1241900,2017,10
Wednesday,0.58,0.58,0.56,0.57,0.55,3824900,2017,11
Tuesday,0.55,0.56,0.52,0.54,0.53,7790500,2017,8
Wednesday,0.54,0.55,0.53,0.53,0.52,1106000,2017,8
Thursday,0.54,0.54,0.53,0.54,0.53,1748100,2017,8
Friday,0.54,0.54,0.53,0.53,0.52,2145800,2017,8
Monday,0.54,0.54,0.53,0.53,0.52,1192800,2017,8
Tuesday,0.53,0.54,0.51,0.52,0.51,10416300,2017,8
Wednesday,0.52,0.53,0.52,0.52,0.51,1627200,2017,8
Thursday,0.53,0.53,0.52,0.52,0.51,898200,2017,8
Friday,0.53,0.55,0.53,0.53,0.52,6248200,2017,8
Monday,0.54,0.54,0.54,0.54,0.53,225200,2017,8
Tuesday,0.55,0.56,0.54,0.55,0.53,4742000,2017,8
Wednesday,0.55,0.56,0.54,0.55,0.53,2934500,2017,8
Thursday,0.54,0.55,0.54,0.54,0.53,1884600,2017,8
Monday,0.54,0.55,0.53,0.54,0.53,908900,2017,1
Sunday,0.55,0.55,0.53,0.54,0.53,793800,2017,4
Tuesday,0.54,0.55,0.53,0.54,0.53,444300,2017,5
Friday,0.54,0.55,0.53,0.54,0.53,1041100,2017,6
Sunday,0.54,0.55,0.53,0.54,0.53,1735100,2017,7
Wednesday,0.54,0.55,0.54,0.54,0.53,2136100,2017,8
Thursday,0.54,0.55,0.54,0.54,0.53,454300,2017,11
Saturday,0.54,0.57,0.54,0.56,0.54,7657100,2017,12
Wednesday,0.56,0.58,0.56,0.57,0.55,3321100,2017,9
Thursday,0.57,0.57,0.55,0.57,0.55,1881800,2017,9
Friday,0.56,0.56,0.55,0.56,0.54,3013800,2017,9
Monday,0.56,0.56,0.55,0.56,0.54,3981000,2017,9
Tuesday,0.56,0.56,0.55,0.56,0.54,3563400,2017,9
Wednesday,0.56,0.56,0.55,0.55,0.53,2051600,2017,9
Thursday,0.55,0.56,0.54,0.55,0.53,3028200,2017,9
Friday,0.55,0.56,0.55,0.55,0.53,1654400,2017,9
Monday,0.55,0.56,0.55,0.55,0.53,1351300,2017,9
Tuesday,0.55,0.56,0.55,0.55,0.53,1223000,2017,9
Wednesday,0.55,0.55,0.54,0.55,0.53,560600,2017,9
Thursday,0.55,0.55,0.54,0.55,0.53,949100,2017,9
Friday,0.55,0.55,0.54,0.54,0.53,1766800,2017,9
Friday,0.54,0.55,0.54,0.55,0.53,4387300,2017,2
Friday,0.54,0.55,0.54,0.55,0.53,2100000,2017,3
Monday,0.55,0.55,0.54,0.55,0.53,2772800,2017,4
Wednesday,0.55,0.55,0.54,0.54,0.53,4010700,2017,5
Saturday,0.54,0.55,0.54,0.54,0.53,968500,2017,6
Sunday,0.54,0.55,0.54,0.54,0.53,2196100,2017,9
Tuesday,0.54,0.55,0.54,0.54,0.53,1826600,2017,10
Friday,0.54,0.55,0.54,0.54,0.53,4142300,2017,11
Sunday,0.55,0.55,0.53,0.54,0.53,2169200,2017,12
Monday,0.54,0.54,0.54,0.54,0.53,900,2017,10
Tuesday,0.54,0.54,0.53,0.53,0.52,3186500,2017,10
Wednesday,0.53,0.54,0.52,0.52,0.51,1558400,2017,10
Thursday,0.53,0.53,0.52,0.53,0.52,837100,2017,10
Friday,0.53,0.53,0.52,0.53,0.52,494500,2017,10
Tuesday,0.52,0.53,0.52,0.52,0.51,3207200,2017,10
Wednesday,0.53,0.53,0.52,0.53,0.52,850500,2017,10
Friday,0.52,0.53,0.52,0.53,0.52,1446200,2017,10
Monday,0.53,0.53,0.52,0.53,0.52,3750800,2017,10
Tuesday,0.53,0.53,0.52,0.53,0.52,265600,2017,10
Wednesday,0.53,0.55,0.52,0.54,0.53,4650200,2017,1
Saturday,0.53,0.54,0.53,0.54,0.53,2134200,2017,2
Saturday,0.54,0.54,0.52,0.53,0.52,4360300,2017,3
Sunday,0.52,0.53,0.51,0.53,0.52,1799300,2017,6
Tuesday,0.53,0.53,0.51,0.52,0.51,1967700,2017,7
Friday,0.52,0.52,0.51,0.52,0.51,950900,2017,8
Monday,0.52,0.52,0.51,0.51,0.5,1846300,2017,9
Wednesday,0.51,0.52,0.5,0.5,0.49,2342700,2017,10
Monday,0.5,0.51,0.5,0.51,0.5,1621600,2017,11
Tuesday,0.5,0.52,0.5,0.52,0.51,2139700,2017,11
Wednesday,0.5,0.52,0.5,0.52,0.51,7178300,2017,11
Thursday,0.51,0.52,0.5,0.5,0.49,2654400,2017,11
Friday,0.51,0.51,0.5,0.51,0.5,827200,2017,11
Monday,0.51,0.51,0.51,0.51,0.5,878200,2017,11
Tuesday,0.51,0.51,0.51,0.51,0.5,1872800,2017,11
Wednesday,0.51,0.51,0.5,0.51,0.5,215500,2017,11
Thursday,0.51,0.57,0.51,0.55,0.53,27999200,2017,11
Friday,0.55,0.57,0.52,0.52,0.51,18764100,2017,11
Monday,0.53,0.54,0.53,0.54,0.53,2810100,2017,11
Tuesday,0.54,0.55,0.54,0.54,0.53,7055100,2017,11
Wednesday,0.55,0.55,0.53,0.53,0.52,3224700,2017,11
Thursday,0.54,0.54,0.52,0.53,0.52,4510500,2017,11
Thursday,0.54,0.54,0.52,0.53,0.52,586700,2017,1
Wednesday,0.53,0.53,0.52,0.52,0.51,1712900,2017,4
Monday,0.52,0.52,0.51,0.52,0.51,1029700,2017,6
Wednesday,0.51,0.52,0.51,0.51,0.5,2790100,2017,7
Saturday,0.52,0.52,0.51,0.51,0.5,293200,2017,8
Tuesday,0.52,0.52,0.51,0.52,0.51,801700,2017,12
Wednesday,0.52,0.52,0.51,0.51,0.5,1733600,2017,12
Thursday,0.51,0.52,0.5,0.52,0.51,941300,2017,12
Friday,0.51,0.52,0.51,0.52,0.51,686300,2017,12
Monday,0.52,0.52,0.51,0.52,0.51,966500,2017,12
Tuesday,0.52,0.52,0.5,0.51,0.5,1617700,2017,12
Wednesday,0.51,0.52,0.51,0.51,0.5,226000,2017,12
Thursday,0.52,0.52,0.51,0.52,0.51,646400,2017,12
Friday,0.52,0.52,0.51,0.51,0.5,1227300,2017,12
Monday,0.51,0.52,0.51,0.51,0.5,1801200,2017,12
Tuesday,0.52,0.52,0.51,0.52,0.51,627400,2017,12
Wednesday,0.52,0.52,0.5,0.51,0.5,7866500,2017,12
Thursday,0.52,0.52,0.5,0.51,0.5,535700,2017,12
Friday,0.52,0.52,0.51,0.52,0.51,560000,2017,12
Thursday,0.52,0.52,0.51,0.52,0.51,1204300,2018,3
Sunday,0.52,0.52,0.5,0.51,0.5,7232200,2018,4
Tuesday,0.51,0.52,0.5,0.52,0.51,2569500,2018,5
Wednesday,0.52,0.52,0.5,0.51,0.5,1302400,2018,8
Saturday,0.51,0.51,0.51,0.51,0.5,34000,2018,9
Monday,0.51,0.52,0.5,0.51,0.5,1601700,2018,10
Thursday,0.51,0.52,0.5,0.51,0.5,2172000,2018,11
Saturday,0.52,0.52,0.51,0.51,0.5,815200,2018,12
Monday,0.52,0.52,0.5,0.51,0.5,1228100,2018,1
Tuesday,0.51,0.52,0.5,0.51,0.5,3200000,2018,1
Wednesday,0.51,0.51,0.5,0.5,0.49,1356500,2018,1
Thursday,0.51,0.51,0.5,0.51,0.5,1276500,2018,1
Friday,0.51,0.51,0.5,0.51,0.5,449000,2018,1
Monday,0.51,0.51,0.5,0.5,0.49,5813800,2018,1
Tuesday,0.5,0.51,0.49,0.51,0.5,1238800,2018,1
Wednesday,0.51,0.51,0.49,0.51,0.5,951600,2018,1
Thursday,0.5,0.51,0.5,0.51,0.5,334600,2018,1
Friday,0.5,0.51,0.5,0.5,0.49,684300,2018,1
Monday,0.51,0.51,0.49,0.5,0.49,2265600,2018,1
Tuesday,0.51,0.53,0.49,0.51,0.5,11460500,2018,1
Wednesday,0.51,0.54,0.51,0.53,0.52,19746500,2018,1
Tuesday,0.53,0.53,0.51,0.51,0.5,4606800,2018,1
Friday,0.51,0.53,0.5,0.52,0.51,5894300,2018,2
Wednesday,0.51,0.52,0.5,0.5,0.49,3469900,2018,5
Saturday,0.5,0.51,0.49,0.5,0.49,5749100,2018,6
Monday,0.5,0.52,0.5,0.5,0.49,6570400,2018,7
Thursday,0.5,0.51,0.5,0.5,0.49,1431300,2018,8
Sunday,0.5,0.5,0.47,0.49,0.48,9477500,2018,9
Sunday,0.49,0.49,0.48,0.49,0.48,1505300,2018,12
Tuesday,0.49,0.5,0.48,0.49,0.48,1165400,2018,2
Wednesday,0.49,0.5,0.48,0.48,0.47,340700,2018,2
Thursday,0.49,0.5,0.48,0.49,0.48,490400,2018,2
Friday,0.5,0.5,0.49,0.5,0.49,400500,2018,2
Monday,0.5,0.5,0.49,0.49,0.48,3018500,2018,2
Tuesday,0.49,0.49,0.48,0.49,0.48,499000,2018,2
Wednesday,0.5,0.5,0.48,0.49,0.48,776100,2018,2
Thursday,0.48,0.49,0.48,0.48,0.47,2122500,2018,2
Friday,0.48,0.49,0.47,0.48,0.47,1376800,2018,2
Monday,0.49,0.49,0.48,0.48,0.47,1994500,2018,2
Tuesday,0.47,0.49,0.47,0.48,0.47,1630200,2018,2
Wednesday,0.48,0.48,0.46,0.48,0.47,3469500,2018,2
Saturday,0.47,0.47,0.46,0.47,0.46,1489100,2018,2
Thursday,0.46,0.46,0.44,0.44,0.43,5046500,2018,5
Sunday,0.45,0.45,0.45,0.45,0.44,80500,2018,6
Tuesday,0.45,0.45,0.43,0.44,0.43,1843100,2018,7
Friday,0.44,0.46,0.44,0.44,0.43,7268000,2018,8
Monday,0.44,0.45,0.42,0.43,0.42,1190200,2018,9
Monday,0.44,0.44,0.42,0.44,0.43,874000,2018,12
Tuesday,0.44,0.44,0.43,0.44,0.43,703300,2018,3
Wednesday,0.43,0.44,0.43,0.44,0.43,387400,2018,3
Thursday,0.44,0.44,0.43,0.44,0.43,279600,2018,3
Friday,0.44,0.46,0.43,0.45,0.44,2918600,2018,3
Monday,0.46,0.46,0.44,0.45,0.44,327000,2018,3
Tuesday,0.45,0.45,0.43,0.44,0.43,1468100,2018,3
Wednesday,0.44,0.44,0.43,0.43,0.42,1065700,2018,3
Thursday,0.44,0.46,0.44,0.45,0.44,4034000,2018,3
Friday,0.44,0.45,0.44,0.44,0.43,2365700,2018,3
Monday,0.43,0.45,0.43,0.45,0.44,387500,2018,3
Tuesday,0.45,0.45,0.44,0.45,0.44,802200,2018,3
Wednesday,0.45,0.45,0.43,0.43,0.42,601400,2018,3
Thursday,0.44,0.44,0.43,0.43,0.42,1538900,2018,3
Friday,0.43,0.45,0.42,0.44,0.43,3076000,2018,3
Sunday,0.44,0.44,0.43,0.44,0.43,1005200,2018,2
Sunday,0.44,0.44,0.43,0.43,0.42,568900,2018,3
Wednesday,0.42,0.43,0.41,0.43,0.42,3387200,2018,4
Friday,0.42,0.43,0.41,0.42,0.41,1560900,2018,5
Tuesday,0.42,0.43,0.41,0.43,0.42,282000,2018,9
Thursday,0.42,0.43,0.42,0.43,0.42,156800,2018,10
Sunday,0.42,0.43,0.42,0.43,0.42,324700,2018,11
Tuesday,0.42,0.43,0.42,0.42,0.41,675400,2018,12
Tuesday,0.42,0.43,0.42,0.43,0.42,1263900,2018,4
Wednesday,0.44,0.47,0.44,0.45,0.44,12665100,2018,4
Thursday,0.44,0.45,0.44,0.44,0.43,1206600,2018,4
Friday,0.44,0.44,0.43,0.44,0.43,1913300,2018,4
Monday,0.45,0.45,0.44,0.44,0.43,356300,2018,4
Tuesday,0.43,0.45,0.43,0.45,0.44,917200,2018,4
Wednesday,0.44,0.45,0.43,0.44,0.43,1063200,2018,4
Thursday,0.44,0.44,0.43,0.44,0.43,7200,2018,4
Friday,0.43,0.44,0.43,0.44,0.43,1164200,2018,4
Monday,0.43,0.44,0.43,0.44,0.43,523300,2018,4
Monday,0.43,0.44,0.43,0.43,0.42,484200,2018,2
Monday,0.43,0.44,0.43,0.44,0.43,1021700,2018,3
Thursday,0.43,0.44,0.43,0.43,0.42,456800,2018,4
Thursday,0.43,0.44,0.41,0.42,0.41,1870600,2018,7
Sunday,0.42,0.42,0.42,0.42,0.41,2849500,2018,8
Wednesday,0.42,0.42,0.41,0.42,0.41,346400,2018,9
Friday,0.42,0.43,0.41,0.43,0.42,759400,2018,10
Monday,0.43,0.43,0.41,0.43,0.42,705100,2018,11
Monday,0.42,0.44,0.42,0.43,0.42,3604100,2018,5
Tuesday,0.43,0.43,0.42,0.42,0.41,1032800,2018,5
Wednesday,0.42,0.42,0.42,0.42,0.41,3521600,2018,5
Thursday,0.42,0.42,0.4,0.42,0.41,3542800,2018,5
Friday,0.41,0.43,0.41,0.42,0.41,1615700,2018,5
Monday,0.41,0.43,0.41,0.42,0.41,461700,2018,5
Tuesday,0.42,0.43,0.42,0.43,0.42,944000,2018,5
Wednesday,0.43,0.43,0.41,0.43,0.42,463500,2018,5
Thursday,0.43,0.43,0.42,0.42,0.41,622100,2018,5
Friday,0.42,0.43,0.42,0.43,0.42,404800,2018,5
Monday,0.43,0.43,0.42,0.43,0.42,104600,2018,5
Wednesday,0.43,0.43,0.42,0.43,0.42,393000,2018,5
Thursday,0.43,0.44,0.43,0.43,0.42,3418600,2018,5
Saturday,0.44,0.44,0.42,0.43,0.42,708500,2018,1
Friday,0.42,0.43,0.42,0.42,0.41,1639600,2018,4
Sunday,0.43,0.43,0.42,0.43,0.42,3570600,2018,5
Wednesday,0.43,0.44,0.42,0.43,0.42,1777400,2018,6
Friday,0.43,0.43,0.42,0.42,0.41,264500,2018,7
Monday,0.42,0.43,0.42,0.43,0.42,187600,2018,8
Tuesday,0.43,0.43,0.42,0.43,0.42,2111500,2018,11
Thursday,0.44,0.44,0.42,0.43,0.42,554200,2018,12
Wednesday,0.43,0.44,0.42,0.42,0.41,3949100,2018,6
Thursday,0.43,0.43,0.42,0.42,0.41,2560500,2018,6
Friday,0.43,0.43,0.42,0.42,0.41,853100,2018,6
Monday,0.42,0.42,0.41,0.42,0.41,1464700,2018,6
Tuesday,0.42,0.42,0.41,0.42,0.41,2586000,2018,6
Wednesday,0.42,0.43,0.41,0.43,0.42,2283500,2018,6
Thursday,0.42,0.43,0.41,0.41,0.4,5152300,2018,6
Friday,0.42,0.42,0.41,0.42,0.41,1315100,2018,6
Monday,0.42,0.42,0.41,0.41,0.4,846400,2018,6
Tuesday,0.41,0.42,0.4,0.42,0.41,1462100,2018,6
Wednesday,0.41,0.43,0.4,0.42,0.41,3152700,2018,6
Thursday,0.41,0.42,0.41,0.41,0.4,1472800,2018,6
Friday,0.41,0.41,0.4,0.4,0.39,1198300,2018,6
Wednesday,0.41,0.41,0.39,0.41,0.4,4529500,2018,2
Wednesday,0.4,0.41,0.4,0.41,0.4,1260400,2018,3
Saturday,0.4,0.41,0.4,0.41,0.4,1121900,2018,4
Monday,0.4,0.41,0.4,0.4,0.39,2385900,2018,5
Thursday,0.4,0.41,0.39,0.4,0.39,1266500,2018,6
Friday,0.41,0.41,0.4,0.4,0.39,683200,2018,9
Sunday,0.4,0.41,0.4,0.4,0.39,2743900,2018,10
Wednesday,0.4,0.4,0.39,0.4,0.39,1845000,2018,11
Friday,0.4,0.41,0.39,0.41,0.4,994200,2018,12
Friday,0.4,0.41,0.4,0.41,0.4,674700,2018,7
Monday,0.41,0.41,0.4,0.41,0.4,2097800,2018,7
Tuesday,0.42,0.42,0.4,0.41,0.4,467100,2018,7
Wednesday,0.41,0.42,0.4,0.41,0.4,403000,2018,7
Thursday,0.42,0.42,0.41,0.41,0.4,74200,2018,7
Friday,0.41,0.42,0.4,0.41,0.4,6329400,2018,7
Monday,0.41,0.42,0.4,0.41,0.4,1128300,2018,7
Tuesday,0.41,0.41,0.4,0.4,0.39,310500,2018,7
Wednesday,0.41,0.41,0.4,0.4,0.39,4365200,2018,7
Thursday,0.4,0.41,0.4,0.41,0.4,149600,2018,7
Tuesday,0.41,0.41,0.4,0.4,0.39,4119600,2018,7
Monday,0.4,0.41,0.4,0.41,0.4,1094000,2018,1
Thursday,0.4,0.41,0.4,0.4,0.39,330800,2018,2
Thursday,0.4,0.42,0.4,0.41,0.4,8185200,2018,3
Friday,0.41,0.41,0.4,0.4,0.39,858600,2018,6
Sunday,0.4,0.41,0.4,0.41,0.4,272400,2018,7
Wednesday,0.4,0.41,0.4,0.4,0.39,157800,2018,8
Saturday,0.41,0.41,0.4,0.4,0.39,1156800,2018,9
Monday,0.4,0.41,0.39,0.4,0.39,2563300,2018,10
Tuesday,0.4,0.4,0.39,0.4,0.39,4122900,2018,8
Wednesday,0.4,0.4,0.39,0.4,0.39,1214700,2018,8
Thursday,0.4,0.4,0.39,0.4,0.39,1173200,2018,8
Friday,0.4,0.4,0.39,0.4,0.39,721200,2018,8
Monday,0.4,0.4,0.39,0.4,0.39,1297500,2018,8
Tuesday,0.4,0.4,0.39,0.4,0.39,830400,2018,8
Wednesday,0.39,0.4,0.39,0.4,0.39,319400,2018,8
Thursday,0.39,0.4,0.39,0.4,0.39,4323000,2018,8
Friday,0.39,0.4,0.38,0.4,0.39,1467700,2018,8
Monday,0.39,0.4,0.39,0.4,0.39,708700,2018,8
Tuesday,0.39,0.4,0.39,0.39,0.38,1160400,2018,8
Wednesday,0.4,0.4,0.39,0.39,0.38,660900,2018,8
Thursday,0.4,0.4,0.38,0.39,0.38,760500,2018,8
Friday,0.38,0.43,0.38,0.39,0.38,26118500,2018,8
Friday,0.4,0.41,0.39,0.4,0.39,3148200,2018,3
Monday,0.4,0.41,0.4,0.41,0.4,666800,2018,4
Wednesday,0.41,0.41,0.39,0.4,0.39,1196400,2018,5
Saturday,0.4,0.41,0.39,0.41,0.4,921700,2018,6
Monday,0.4,0.41,0.39,0.4,0.39,267000,2018,7
Tuesday,0.4,0.41,0.4,0.41,0.4,2327800,2018,10
Friday,0.41,0.42,0.41,0.41,0.4,1058400,2018,11
Sunday,0.41,0.41,0.4,0.41,0.4,1323300,2018,12
Thursday,0.41,0.42,0.41,0.42,0.41,1449900,2018,9
Friday,0.42,0.42,0.41,0.42,0.41,438800,2018,9
Monday,0.42,0.42,0.4,0.4,0.39,1332500,2018,9
Tuesday,0.41,0.41,0.4,0.41,0.4,1278600,2018,9
Wednesday,0.42,0.42,0.4,0.41,0.4,2784400,2018,9
Thursday,0.4,0.43,0.4,0.42,0.41,8259200,2018,9
Friday,0.42,0.42,0.41,0.41,0.4,2426200,2018,9
Monday,0.4,0.42,0.4,0.42,0.41,329700,2018,9
Tuesday,0.42,0.43,0.41,0.43,0.42,3269200,2018,9
Wednesday,0.45,0.48,0.44,0.45,0.44,49610800,2018,9
Thursday,0.45,0.45,0.43,0.45,0.44,6722700,2018,9
Friday,0.45,0.45,0.44,0.45,0.44,2511700,2018,9
Wednesday,0.45,0.45,0.44,0.44,0.43,1513800,2018,1
Saturday,0.44,0.44,0.43,0.43,0.42,4400100,2018,2
Saturday,0.43,0.44,0.43,0.43,0.42,1963600,2018,3
Tuesday,0.43,0.44,0.43,0.43,0.42,2381900,2018,4
Thursday,0.43,0.44,0.43,0.44,0.43,3080500,2018,5
Friday,0.43,0.44,0.42,0.43,0.42,1858900,2018,8
Monday,0.43,0.44,0.42,0.43,0.42,1049600,2018,9
Wednesday,0.44,0.44,0.43,0.44,0.43,325000,2018,10
Saturday,0.43,0.43,0.41,0.41,0.4,4579300,2018,11
Monday,0.41,0.42,0.41,0.42,0.41,1376100,2018,12
Tuesday,0.41,0.42,0.41,0.42,0.41,192400,2018,10
Wednesday,0.42,0.42,0.41,0.41,0.4,1056900,2018,10
Thursday,0.41,0.42,0.41,0.42,0.41,1451300,2018,10
Friday,0.41,0.43,0.41,0.43,0.42,1646700,2018,10
Monday,0.43,0.43,0.41,0.42,0.41,2658000,2018,10
Wednesday,0.42,0.42,0.41,0.41,0.4,2671600,2018,10
Thursday,0.4,0.42,0.4,0.42,0.41,2830000,2018,10
Friday,0.42,0.42,0.41,0.41,0.4,735800,2018,10
Monday,0.4,0.41,0.4,0.41,0.4,781500,2018,10
Tuesday,0.41,0.42,0.4,0.41,0.4,2949600,2018,10
Wednesday,0.41,0.41,0.41,0.41,0.4,1528200,2018,10
Thursday,0.42,0.42,0.4,0.41,0.4,4666700,2018,1
Sunday,0.41,0.42,0.41,0.42,0.41,1517200,2018,2
Friday,0.42,0.42,0.41,0.42,0.41,336100,2018,5
Monday,0.41,0.42,0.41,0.41,0.4,2539500,2018,6
Wednesday,0.41,0.43,0.41,0.41,0.4,8211600,2018,7
Saturday,0.41,0.42,0.41,0.41,0.4,1889900,2018,8
Tuesday,0.41,0.42,0.4,0.41,0.4,1509200,2018,9
Tuesday,0.41,0.43,0.4,0.42,0.41,5914500,2018,12
Tuesday,0.42,0.42,0.4,0.41,0.4,7995500,2018,11
Wednesday,0.41,0.41,0.4,0.4,0.39,1396100,2018,11
Thursday,0.39,0.39,0.36,0.38,0.37,7652300,2018,11
Friday,0.37,0.38,0.36,0.37,0.36,4260600,2018,11
Monday,0.37,0.37,0.36,0.37,0.36,1497600,2018,11
Tuesday,0.37,0.37,0.36,0.36,0.35,714400,2018,11
Wednesday,0.36,0.36,0.35,0.36,0.35,900100,2018,11
Thursday,0.36,0.36,0.34,0.35,0.34,4492100,2018,11
Friday,0.35,0.36,0.34,0.36,0.35,1661600,2018,11
Monday,0.36,0.36,0.35,0.35,0.34,232300,2018,11
Tuesday,0.36,0.36,0.36,0.36,0.35,293600,2018,11
Wednesday,0.36,0.36,0.36,0.36,0.35,336700,2018,11
Thursday,0.36,0.36,0.35,0.35,0.34,2469400,2018,11
Friday,0.35,0.36,0.35,0.36,0.35,1173600,2018,11
Monday,0.36,0.36,0.35,0.36,0.35,684700,2018,3
Thursday,0.36,0.36,0.35,0.36,0.35,1339200,2018,4
Tuesday,0.36,0.36,0.35,0.36,0.35,1247500,2018,6
Thursday,0.35,0.36,0.35,0.36,0.35,657600,2018,7
Monday,0.36,0.36,0.35,0.35,0.34,535000,2018,11
Wednesday,0.34,0.36,0.34,0.36,0.35,403800,2018,12
Thursday,0.35,0.36,0.35,0.36,0.35,772700,2018,12
Friday,0.36,0.36,0.34,0.35,0.34,1843500,2018,12
Monday,0.35,0.35,0.34,0.34,0.33,1511300,2018,12
Tuesday,0.35,0.35,0.34,0.34,0.33,1767600,2018,12
Wednesday,0.34,0.35,0.34,0.34,0.33,334100,2018,12
Thursday,0.34,0.35,0.33,0.34,0.33,325100,2018,12
Friday,0.34,0.34,0.33,0.34,0.33,1478700,2018,12
Monday,0.34,0.34,0.33,0.34,0.33,1089900,2018,12
Tuesday,0.33,0.34,0.32,0.33,0.32,707500,2018,12
Wednesday,0.32,0.33,0.31,0.32,0.31,884000,2018,12
Thursday,0.33,0.33,0.32,0.33,0.32,319600,2018,12
Friday,0.32,0.33,0.32,0.33,0.32,693800,2018,12
Friday,0.31,0.32,0.31,0.32,0.31,772500,2019,2
Friday,0.32,0.33,0.32,0.33,0.32,252600,2019,3
Monday,0.32,0.33,0.31,0.33,0.32,667300,2019,4
Monday,0.32,0.33,0.32,0.33,0.32,309600,2019,7
Thursday,0.33,0.33,0.32,0.33,0.32,64100,2019,8
Sunday,0.33,0.33,0.32,0.32,0.31,536000,2019,9
Tuesday,0.32,0.34,0.32,0.34,0.33,1553000,2019,10
Friday,0.33,0.35,0.33,0.35,0.34,2560300,2019,11
Monday,0.35,0.35,0.34,0.34,0.33,1947600,2019,1
Tuesday,0.35,0.35,0.33,0.34,0.33,147500,2019,1
Wednesday,0.34,0.34,0.33,0.34,0.33,28900,2019,1
Thursday,0.34,0.38,0.33,0.38,0.37,17069800,2019,1
Friday,0.37,0.38,0.35,0.38,0.37,8149500,2019,1
Monday,0.38,0.38,0.37,0.38,0.37,1575700,2019,1
Tuesday,0.38,0.4,0.38,0.4,0.39,8125100,2019,1
Wednesday,0.4,0.4,0.39,0.4,0.39,3583200,2019,1
Thursday,0.4,0.4,0.38,0.39,0.38,1607500,2019,1
Friday,0.39,0.4,0.38,0.39,0.38,1495300,2019,1
Monday,0.39,0.39,0.38,0.39,0.38,501400,2019,1
Tuesday,0.39,0.4,0.38,0.39,0.38,1046600,2019,1
Wednesday,0.39,0.41,0.39,0.4,0.39,4226400,2019,1
Thursday,0.41,0.41,0.39,0.4,0.39,1986600,2019,1
Wednesday,0.4,0.41,0.39,0.39,0.38,1093800,2019,1
Tuesday,0.4,0.41,0.4,0.41,0.4,572200,2019,4
Thursday,0.41,0.41,0.4,0.41,0.4,293000,2019,5
Sunday,0.4,0.41,0.4,0.41,0.4,577100,2019,6
Tuesday,0.41,0.41,0.4,0.41,0.4,443800,2019,7
Friday,0.41,0.41,0.39,0.39,0.38,1498600,2019,8
Saturday,0.39,0.39,0.39,0.39,0.38,797700,2019,11
Monday,0.39,0.4,0.39,0.4,0.39,262900,2019,12
Wednesday,0.4,0.4,0.38,0.39,0.38,1045200,2019,2
Thursday,0.39,0.4,0.39,0.4,0.39,451800,2019,2
Friday,0.4,0.4,0.39,0.4,0.39,218700,2019,2
Monday,0.4,0.4,0.38,0.38,0.37,561100,2019,2
Wednesday,0.39,0.39,0.38,0.39,0.38,262600,2019,2
Thursday,0.39,0.39,0.38,0.39,0.38,220100,2019,2
Friday,0.39,0.39,0.38,0.39,0.38,680100,2019,2
Monday,0.39,0.39,0.38,0.39,0.38,336500,2019,2
Tuesday,0.39,0.39,0.38,0.38,0.37,167400,2019,2
Wednesday,0.38,0.39,0.38,0.39,0.38,294600,2019,2
Thursday,0.39,0.39,0.36,0.38,0.37,2047900,2019,2
Thursday,0.36,0.36,0.35,0.36,0.35,3199100,2019,1
Wednesday,0.35,0.36,0.35,0.36,0.35,375800,2019,4
Friday,0.37,0.37,0.36,0.36,0.35,2395900,2019,5
Monday,0.37,0.37,0.36,0.37,0.36,555800,2019,6
Wednesday,0.37,0.38,0.36,0.38,0.37,1931000,2019,7
Saturday,0.37,0.38,0.36,0.37,0.36,1211400,2019,8
Sunday,0.37,0.37,0.36,0.37,0.36,1754200,2019,11
Tuesday,0.37,0.37,0.37,0.37,0.36,95000,2019,12
Wednesday,0.37,0.37,0.35,0.37,0.36,1476100,2019,3
Thursday,0.37,0.37,0.36,0.36,0.35,513400,2019,3
Friday,0.36,0.37,0.36,0.37,0.36,1228900,2019,3
Monday,0.37,0.37,0.36,0.36,0.35,258700,2019,3
Tuesday,0.37,0.37,0.35,0.36,0.35,1025900,2019,3
Wednesday,0.36,0.36,0.35,0.36,0.35,822000,2019,3
Thursday,0.36,0.36,0.35,0.36,0.35,182600,2019,3
Friday,0.36,0.36,0.35,0.36,0.35,298100,2019,3
Monday,0.36,0.36,0.36,0.36,0.35,365000,2019,3
Tuesday,0.36,0.36,0.35,0.36,0.35,190000,2019,3
Wednesday,0.35,0.37,0.35,0.37,0.36,348700,2019,3
Thursday,0.37,0.37,0.36,0.37,0.36,162600,2019,3
Friday,0.36,0.37,0.36,0.37,0.36,250900,2019,3
Friday,0.37,0.37,0.36,0.37,0.36,37400,2019,1
Monday,0.37,0.37,0.36,0.36,0.35,96800,2019,2
Monday,0.36,0.37,0.35,0.36,0.35,1198900,2019,3
Thursday,0.36,0.36,0.35,0.36,0.35,186800,2019,4
Saturday,0.36,0.36,0.35,0.36,0.35,295000,2019,5
Wednesday,0.36,0.36,0.35,0.35,0.34,814900,2019,9
Friday,0.35,0.36,0.34,0.35,0.34,2386500,2019,10
Monday,0.35,0.35,0.34,0.35,0.34,234900,2019,11
Wednesday,0.35,0.36,0.34,0.35,0.34,3157700,2019,12
Wednesday,0.34,0.36,0.34,0.36,0.35,914800,2019,4
Thursday,0.36,0.36,0.35,0.36,0.35,391400,2019,4
Friday,0.36,0.36,0.35,0.36,0.35,489100,2019,4
Monday,0.36,0.36,0.35,0.36,0.35,967500,2019,4
Tuesday,0.35,0.36,0.35,0.36,0.35,395500,2019,4
Wednesday,0.35,0.36,0.34,0.36,0.35,885900,2019,4
Thursday,0.36,0.36,0.36,0.36,0.35,11000,2019,4
Friday,0.35,0.35,0.35,0.35,0.34,676700,2019,4
Monday,0.35,0.35,0.34,0.35,0.34,872500,2019,4
Tuesday,0.35,0.36,0.34,0.36,0.35,1532900,2019,4
Tuesday,0.35,0.36,0.34,0.36,0.36,873800,2019,2
Tuesday,0.35,0.36,0.35,0.36,0.36,882000,2019,3
Friday,0.35,0.36,0.34,0.35,0.35,1253800,2019,7
Monday,0.35,0.35,0.34,0.35,0.35,608900,2019,8
Thursday,0.34,0.35,0.34,0.34,0.34,296000,2019,9
Saturday,0.35,0.35,0.33,0.35,0.35,1458800,2019,10
Monday,0.34,0.35,0.34,0.35,0.35,295100,2019,5
Tuesday,0.34,0.35,0.33,0.34,0.34,595500,2019,5
Wednesday,0.34,0.35,0.34,0.35,0.35,96400,2019,5
Thursday,0.34,0.35,0.33,0.35,0.35,1157900,2019,5
Friday,0.34,0.34,0.33,0.34,0.34,378800,2019,5
Tuesday,0.34,0.34,0.33,0.34,0.34,452200,2019,5
Wednesday,0.34,0.34,0.31,0.32,0.32,1921400,2019,5
Thursday,0.32,0.33,0.32,0.32,0.32,522000,2019,5
Friday,0.32,0.33,0.32,0.33,0.33,560200,2019,5
Monday,0.33,0.34,0.32,0.33,0.33,758500,2019,5
Tuesday,0.33,0.34,0.33,0.34,0.34,96400,2019,5
Wednesday,0.33,0.34,0.33,0.34,0.34,20600,2019,5
Thursday,0.33,0.34,0.33,0.34,0.34,115700,2019,5
Friday,0.34,0.34,0.32,0.32,0.32,1276300,2019,5
Saturday,0.33,0.33,0.32,0.32,0.32,735100,2019,4
Monday,0.32,0.33,0.32,0.32,0.32,267000,2019,5
Thursday,0.32,0.33,0.32,0.33,0.33,384000,2019,6
Saturday,0.33,0.33,0.32,0.33,0.33,122200,2019,7
Sunday,0.33,0.33,0.32,0.33,0.33,542100,2019,10
Wednesday,0.33,0.33,0.32,0.33,0.33,64000,2019,11
Friday,0.32,0.33,0.32,0.33,0.33,282100,2019,12
Thursday,0.33,0.33,0.33,0.33,0.33,170200,2019,6
Friday,0.33,0.36,0.33,0.36,0.36,10694000,2019,6
Monday,0.36,0.37,0.36,0.36,0.36,6967800,2019,6
Tuesday,0.36,0.36,0.36,0.36,0.36,2674400,2019,6
Wednesday,0.36,0.37,0.36,0.36,0.36,1642900,2019,6
Thursday,0.37,0.37,0.36,0.37,0.37,1150300,2019,6
Friday,0.37,0.37,0.36,0.36,0.36,1833100,2019,6
Monday,0.36,0.37,0.36,0.37,0.37,868600,2019,6
Tuesday,0.37,0.37,0.36,0.37,0.37,1241200,2019,6
Wednesday,0.37,0.39,0.37,0.38,0.38,3870800,2019,6
Thursday,0.38,0.39,0.38,0.39,0.39,912100,2019,6
Friday,0.39,0.39,0.38,0.39,0.39,3346700,2019,6
Monday,0.39,0.39,0.38,0.39,0.39,1450500,2019,1
Thursday,0.38,0.38,0.37,0.38,0.38,758900,2019,2
Thursday,0.38,0.39,0.38,0.39,0.39,539800,2019,3
Sunday,0.38,0.38,0.37,0.38,0.38,715500,2019,4
Tuesday,0.38,0.38,0.37,0.38,0.38,2060400,2019,5
Wednesday,0.38,0.38,0.37,0.38,0.38,566600,2019,8
Saturday,0.37,0.37,0.36,0.36,0.36,914900,2019,9
Monday,0.37,0.38,0.36,0.37,0.37,391600,2019,10
Thursday,0.37,0.38,0.37,0.38,0.38,891300,2019,11
Saturday,0.37,0.38,0.36,0.38,0.38,352700,2019,12
Monday,0.38,0.38,0.37,0.37,0.37,641600,2019,7
Wednesday,0.38,0.38,0.37,0.38,0.38,548900,2019,7
Thursday,0.38,0.38,0.37,0.38,0.38,701900,2019,7
Friday,0.37,0.38,0.37,0.37,0.37,128700,2019,7
Monday,0.37,0.37,0.36,0.37,0.37,1242200,2019,7
Tuesday,0.36,0.37,0.36,0.37,0.37,103600,2019,7
Wednesday,0.37,0.37,0.36,0.37,0.37,1112700,2019,7
Thursday,0.37,0.37,0.37,0.37,0.37,1372400,2019,7
Friday,0.37,0.38,0.37,0.38,0.38,591500,2019,7
Tuesday,0.37,0.38,0.36,0.37,0.37,1277600,2019,7
Wednesday,0.36,0.37,0.36,0.36,0.36,276800,2019,7
Tuesday,0.36,0.37,0.36,0.37,0.37,874000,2019,1
Friday,0.37,0.37,0.36,0.37,0.37,604900,2019,2
Wednesday,0.37,0.4,0.37,0.38,0.38,27826400,2019,5
Saturday,0.38,0.38,0.37,0.38,0.38,6221500,2019,6
Monday,0.38,0.39,0.37,0.39,0.39,1203100,2019,7
Thursday,0.39,0.39,0.37,0.37,0.37,1259500,2019,8
Sunday,0.37,0.38,0.37,0.38,0.38,1295800,2019,9
Tuesday,0.37,0.38,0.36,0.37,0.37,960400,2019,8
Wednesday,0.37,0.37,0.36,0.37,0.37,1327500,2019,8
Thursday,0.37,0.37,0.34,0.35,0.35,1800500,2019,8
Friday,0.35,0.36,0.35,0.35,0.35,338100,2019,8
Monday,0.35,0.36,0.35,0.36,0.36,781900,2019,8
Tuesday,0.35,0.36,0.35,0.36,0.36,676300,2019,8
Wednesday,0.35,0.36,0.35,0.35,0.35,205300,2019,8
Thursday,0.36,0.36,0.35,0.35,0.35,501300,2019,8
Friday,0.36,0.36,0.35,0.36,0.36,879600,2019,8
Monday,0.34,0.35,0.34,0.35,0.35,2252200,2019,8
Tuesday,0.35,0.35,0.33,0.33,0.33,1107300,2019,8
Wednesday,0.34,0.34,0.33,0.34,0.34,563800,2019,8
Thursday,0.35,0.35,0.33,0.35,0.35,769100,2019,8
Friday,0.34,0.35,0.33,0.34,0.34,1217900,2019,8
Saturday,0.34,0.34,0.33,0.34,0.34,306000,2019,2
Saturday,0.34,0.35,0.33,0.34,0.34,764333,2019,3
Tuesday,0.34,0.34,0.33,0.34,0.34,285400,2019,4
Thursday,0.34,0.34,0.33,0.34,0.34,138000,2019,5
Sunday,0.33,0.34,0.33,0.33,0.33,519400,2019,6
Monday,0.33,0.34,0.33,0.33,0.33,83300,2019,9
Wednesday,0.33,0.34,0.33,0.33,0.33,1369600,2019,10
Saturday,0.33,0.34,0.33,0.33,0.33,176700,2019,11
Monday,0.34,0.34,0.33,0.33,0.33,160800,2019,12
Friday,0.34,0.34,0.33,0.33,0.33,149100,2019,9
Monday,0.34,0.34,0.33,0.33,0.33,140800,2019,9
Tuesday,0.34,0.34,0.33,0.33,0.33,577100,2019,9
Wednesday,0.34,0.34,0.33,0.33,0.33,922600,2019,9
Thursday,0.34,0.34,0.33,0.34,0.34,189200,2019,9
Friday,0.34,0.34,0.33,0.33,0.33,516400,2019,9
Monday,0.33,0.34,0.33,0.33,0.33,180800,2019,9
Tuesday,0.33,0.34,0.33,0.34,0.34,392100,2019,9
Wednesday,0.33,0.34,0.33,0.34,0.34,317100,2019,9
Thursday,0.33,0.33,0.32,0.33,0.33,562700,2019,9
Friday,0.33,0.33,0.32,0.33,0.33,460800,2019,9
Monday,0.33,0.33,0.33,0.33,0.33,290800,2019,9
Thursday,0.33,0.33,0.32,0.33,0.33,438100,2019,1
Sunday,0.33,0.34,0.32,0.34,0.34,427900,2019,2
Sunday,0.33,0.34,0.33,0.34,0.34,16200,2019,3
Wednesday,0.34,0.34,0.33,0.33,0.33,71000,2019,4
Wednesday,0.34,0.34,0.32,0.33,0.33,512400,2019,7
Saturday,0.33,0.33,0.32,0.33,0.33,91900,2019,8
Tuesday,0.33,0.33,0.32,0.32,0.32,601800,2019,9
Thursday,0.33,0.33,0.32,0.32,0.32,133600,2019,10
Sunday,0.33,0.33,0.32,0.32,0.32,334925,2019,11
Tuesday,0.33,0.33,0.32,0.33,0.33,378600,2019,10
Wednesday,0.33,0.33,0.32,0.32,0.32,717400,2019,10
Thursday,0.33,0.33,0.32,0.33,0.33,644400,2019,10
Friday,0.32,0.33,0.31,0.32,0.32,856400,2019,10
Monday,0.33,0.33,0.31,0.32,0.32,413500,2019,10
Tuesday,0.32,0.32,0.31,0.31,0.31,1932900,2019,10
Thursday,0.32,0.32,0.31,0.32,0.32,759400,2019,10
Friday,0.32,0.32,0.3,0.3,0.3,1672100,2019,10
Monday,0.3,0.3,0.29,0.3,0.3,2685500,2019,10
Tuesday,0.3,0.3,0.29,0.3,0.3,187600,2019,10
Wednesday,0.3,0.3,0.29,0.3,0.3,2081400,2019,10
Thursday,0.3,0.3,0.29,0.3,0.3,253400,2019,10
Friday,0.3,0.3,0.29,0.3,0.3,152600,2019,1
Thursday,0.3,0.3,0.29,0.3,0.3,1315700,2019,4
Saturday,0.3,0.3,0.29,0.3,0.3,1267400,2019,5
Tuesday,0.3,0.33,0.3,0.33,0.33,8300200,2019,6
Thursday,0.32,0.33,0.31,0.32,0.32,1886700,2019,7
Sunday,0.32,0.34,0.31,0.33,0.33,6112200,2019,8
Monday,0.33,0.33,0.32,0.33,0.33,908100,2019,11
Wednesday,0.33,0.34,0.32,0.33,0.33,8979600,2019,12
Wednesday,0.33,0.33,0.31,0.32,0.32,1419800,2019,11
Thursday,0.32,0.34,0.32,0.33,0.33,4480300,2019,11
Friday,0.33,0.34,0.31,0.31,0.31,4026900,2019,11
Monday,0.32,0.32,0.31,0.32,0.32,320600,2019,11
Tuesday,0.32,0.33,0.31,0.32,0.32,1692300,2019,11
Wednesday,0.32,0.32,0.31,0.31,0.31,1428700,2019,11
Thursday,0.32,0.32,0.3,0.32,0.32,2986800,2019,11
Friday,0.32,0.32,0.3,0.32,0.32,1063600,2019,11
Monday,0.32,0.32,0.31,0.32,0.32,1943000,2019,11
Tuesday,0.32,0.32,0.3,0.31,0.31,7626600,2019,11
Wednesday,0.31,0.31,0.3,0.31,0.31,8886900,2019,11
Thursday,0.31,0.31,0.29,0.3,0.3,5702600,2019,11
Friday,0.3,0.31,0.29,0.3,0.3,2682200,2019,11
